Date,JPM,BAC,WFC,C
2015-12-23,50.202720642089844,13.777503967285156,40.82978820800781,38.72863006591797
2015-12-24,50.10491180419922,13.721884727478027,40.66658020019531,38.78749465942383
2015-12-28,49.93941116333008,13.61064624786377,40.5627326965332,38.544673919677734
2015-12-29,50.458518981933594,13.72983169555664,41.015254974365234,38.986175537109375
2015-12-30,50.09739685058594,13.54708194732666,40.71852111816406,38.48579788208008
2015-12-31,49.67609405517578,13.372282981872559,40.32535934448242,38.081077575683594
2016-01-04,48.18407440185547,13.054461479187012,39.249717712402344,37.62482833862305
2016-01-05,48.26738739013672,13.054461479187012,39.23487091064453,37.42613983154297
2016-01-06,47.57060623168945,12.77637004852295,38.48564147949219,36.88160705566406
2016-01-07,45.64686965942383,12.315529823303223,37.38773727416992,34.997779846191406
2016-01-08,44.62441635131836,12.077165603637695,36.764610290527344,33.94551086425781
2016-01-11,44.556251525878906,12.164566993713379,37.157779693603516,34.4753303527832
2016-01-12,44.65470886230469,12.164566993713379,38.09988784790039,34.49739456176758
2016-01-13,43.42778396606445,11.838797569274902,36.89073181152344,33.25379943847656
2016-01-14,44.0791015625,11.910306930541992,37.565773010253906,33.39360809326172
2016-01-15,43.2005615234375,11.4891996383667,36.215675354003906,31.252229690551758
2016-01-19,43.17782974243164,11.314398765563965,35.76315689086914,30.862226486206055
2016-01-20,42.041770935058594,10.877394676208496,35.51094055175781,29.79523277282715
2016-01-21,41.84486389160156,10.615193367004395,35.61479187011719,29.545034408569336
2016-01-22,43.13238525390625,10.774102210998535,36.36402893066406,30.214664459228516
2016-01-25,42.15538787841797,10.297372817993164,35.35516357421875,29.10350799560547
2016-01-26,43.23085021972656,10.57546615600586,35.80023956298828,29.802574157714844
2016-01-27,43.2005615234375,10.615193367004395,36.03020095825195,29.846731185913086
2016-01-28,43.3823127746582,10.750265121459961,36.28983688354492,29.75830841064453
2016-01-29,45.06369400024414,11.234941482543945,37.261634826660156,31.37185287475586
2016-02-01,44.5789680480957,11.091919898986816,37.04651641845703,31.298187255859375
2016-02-02,43.19298553466797,10.511899948120117,36.223079681396484,29.780405044555664
2016-02-03,43.480770111083984,10.352988243103027,35.583919525146484,29.736215591430664
2016-02-04,44.2305793762207,10.527789115905762,36.06985092163086,30.05302619934082
2016-02-05,43.7382926940918,10.28942584991455,35.778282165527344,29.367828369140625
2016-02-08,42.82187271118164,9.749135971069336,34.76160430908203,27.857437133789062
2016-02-09,42.56436538696289,9.693512916564941,34.72422790527344,27.636404037475586
2016-02-10,42.04935073852539,9.518712997436523,34.51490783691406,27.562732696533203
2016-02-11,40.193782806396484,8.867181777954102,33.75987243652344,25.772363662719727
2016-02-12,43.54137420654297,9.494876861572266,35.36712646484375,27.658506393432617
2016-02-16,44.19271469116211,9.733241081237793,36.062355041503906,28.65314483642578
2016-02-17,44.51081848144531,9.979554176330566,35.98012924194336,29.308881759643555
2016-02-18,43.783729553222656,9.725296974182129,35.68109130859375,28.67525863647461
2016-02-19,43.79130554199219,9.637894630432129,35.95022964477539,28.726837158203125
2016-02-22,44.35933303833008,9.963663101196289,36.772552490234375,29.117324829101562
2016-02-23,42.5037727355957,9.661730766296387,35.95769119262695,28.15951156616211
2016-02-24,42.5189208984375,9.637894630432129,35.591400146484375,28.063743591308594
2016-02-25,43.17782974243164,9.788860321044922,35.69606018066406,28.454221725463867
2016-02-26,43.57924270629883,10.090787887573242,35.93526840209961,29.10257911682129
2016-02-29,42.64008712768555,9.947768211364746,35.07558822631836,28.62368392944336
2016-03-01,44.836490631103516,10.48011589050293,36.42119216918945,30.406692504882812
2016-03-02,45.26060104370117,10.695464134216309,37.056617736816406,31.106609344482422
2016-03-03,45.41209030151367,10.767247200012207,37.20613098144531,31.556058883666992
2016-03-04,45.48024368286133,10.799148559570312,37.460296630859375,31.556058883666992
2016-03-07,45.396942138671875,10.791170120239258,37.43040084838867,31.393953323364258
2016-03-08,44.51839065551758,10.416314125061035,36.667877197265625,30.244598388671875
2016-03-09,44.77587890625,10.480118751525879,36.4735221862793,30.318260192871094
2016-03-10,44.38962173461914,10.583805084228516,36.264198303222656,30.48035430908203
2016-03-11,44.942508697509766,10.998542785644531,37.43040084838867,31.673938751220703
2016-03-14,44.77587890625,10.878907203674316,37.288368225097656,31.438167572021484
2016-03-15,44.836490631103516,10.823073387145996,37.36312484741211,31.379215240478516
2016-03-16,44.62441635131836,10.615706443786621,37.034202575683594,31.113985061645508
2016-03-17,44.495670318603516,10.687485694885254,37.176231384277344,31.570772171020508
2016-03-18,45.805931091308594,10.998542785644531,37.78174591064453,32.07915496826172
2016-03-21,45.790767669677734,11.038422584533691,37.878936767578125,32.123348236083984
2016-03-22,45.624141693115234,10.974615097045898,37.6546630859375,31.96128273010254
2016-03-23,45.396942138671875,10.862956047058105,37.19865036010742,31.217126846313477
2016-03-24,45.04854965209961,10.910808563232422,36.555763244628906,30.900320053100586
2016-03-28,44.98796081542969,10.862956047058105,36.40623092651367,30.885570526123047
2016-03-29,44.70771789550781,10.70344066619873,35.920318603515625,30.738237380981445
2016-03-30,45.22274398803711,10.751294136047363,36.368865966796875,30.85610580444336
2016-03-31,44.85163497924805,10.783197402954102,36.15207290649414,30.76031494140625
2016-04-01,45.34392166137695,10.815099716186523,36.2193489074707,31.290800094604492
2016-04-04,45.16843795776367,10.77522087097168,36.25672912597656,30.988737106323242
2016-04-05,44.527530670166016,10.519998550415039,35.51664733886719,30.583515167236328
2016-04-06,44.87087631225586,10.583805084228516,35.942745208740234,30.84137725830078
2016-04-07,43.73402786254883,10.248822212219238,35.08305740356445,29.669904708862305
2016-04-08,44.05449676513672,10.272749900817871,35.18770980834961,29.817256927490234
2016-04-11,44.405452728271484,10.344532012939453,35.157806396484375,30.296167373657227
2016-04-12,45.22947692871094,10.583805084228516,35.71100616455078,30.870847702026367
2016-04-13,47.144554138183594,10.998542785644531,36.65292739868164,32.60226058959961
2016-04-14,47.75494384765625,11.277694702148438,36.4735221862793,33.14011001586914
2016-04-15,47.20559310913086,11.166031837463379,36.06985092163086,33.09588623046875
2016-04-18,47.51078796386719,11.301619529724121,36.510902404785156,33.235897064208984
2016-04-19,48.31190872192383,11.524938583374023,37.288368225097656,33.61901092529297
2016-04-20,49.01384735107422,11.90777587890625,37.71446228027344,34.43682861328125
2016-04-21,48.52553939819336,11.883849143981934,37.41545104980469,34.33369064331055
2016-04-22,48.807857513427734,12.051339149475098,37.8415641784668,34.606292724609375
2016-04-25,48.52553939819336,11.93170166015625,37.75932693481445,34.39999771118164
2016-04-26,48.77732849121094,12.035388946533203,38.06583023071289,34.70207214355469
2016-04-27,48.91466522216797,11.9795560836792,38.07330322265625,34.87152099609375
2016-04-28,48.52553939819336,11.79611587524414,37.68456268310547,34.465877532958984
2016-04-29,48.22035217285156,11.612671852111816,37.36312484741211,34.133975982666016
2016-05-02,48.670509338378906,11.78016185760498,37.81913757324219,34.42900085449219
2016-05-03,47.7320556640625,11.45315933227539,37.378074645996094,33.610321044921875
2016-05-04,46.9766960144043,11.269718170166016,36.865840911865234,32.93913650512695
2016-05-05,46.72491455078125,11.205911636352539,36.88089370727539,32.62199783325195
2016-05-06,46.999595642089844,11.253767013549805,36.92609405517578,32.75475311279297
2016-05-09,46.70201873779297,11.158056259155273,36.82063674926758,32.3712272644043
2016-05-10,47.33530807495117,11.405303955078125,37.21235275268555,33.071895599365234
2016-05-11,47.15980911254883,11.325545310974121,36.9713020324707,32.799007415771484
2016-05-12,47.12929916381836,11.277694702148438,37.06168746948242,32.452354431152344
2016-05-13,46.694393157958984,11.070324897766113,36.33854293823242,31.79592514038086
2016-05-16,47.04535675048828,11.110198974609375,36.36113739013672,31.825429916381836
2016-05-17,47.04535675048828,11.174005508422852,35.871490478515625,32.2310905456543
2016-05-18,48.86127853393555,11.716357231140137,36.64738082885742,33.83156967163086
2016-05-19,48.365318298339844,11.588748931884766,36.44399642944336,33.234161376953125
2016-05-20,48.45687484741211,11.580768585205078,36.72270965576172,33.11615753173828
2016-05-23,48.41873550415039,11.540895462036133,36.68504333496094,33.27104568481445
2016-05-24,49.24274826049805,11.708382606506348,37.06168746948242,33.82419967651367
2016-05-25,49.990482330322266,11.899800300598145,38.040958404541016,34.620758056640625
2016-05-26,49.616607666015625,11.724335670471191,38.07863998413086,34.00859451293945
2016-05-27,49.92179489135742,11.867897033691406,38.30459976196289,34.35525131225586
2016-05-31,49.79972457885742,11.79611587524414,38.20669937133789,34.34787368774414
2016-06-01,50.120174407958984,11.892148971557617,38.4176025390625,34.620758056640625
2016-06-02,50.211727142333984,11.956169128417969,38.50046157836914,34.64289474487305
2016-06-03,49.31904220581055,11.540026664733887,37.807430267333984,33.477561950683594
2016-06-06,49.80735778808594,11.6200532913208,38.03342819213867,33.73570251464844
2016-06-07,49.63949966430664,11.484007835388184,37.867706298828125,33.588191986083984
2016-06-08,49.78446960449219,11.548027992248535,37.66433334350586,33.602935791015625
2016-06-09,49.40298080444336,11.355963706970215,37.01649856567383,33.19728469848633
2016-06-10,48.70866394042969,11.067866325378418,36.41387176513672,32.37860107421875
2016-06-13,48.27375793457031,10.883797645568848,36.135154724121094,31.832805633544922
2016-06-14,47.36582565307617,10.611702919006348,35.314064025878906,30.947742462158203
2016-06-15,47.28188705444336,10.6757230758667,35.238731384277344,30.98462677001953
2016-06-16,47.4726448059082,10.651717185974121,35.29147720336914,31.06575584411621
2016-06-17,47.51840591430664,10.723740577697754,35.10314178466797,31.331279754638672
2016-06-20,47.58708572387695,10.835779190063477,35.35173416137695,31.567298889160156
2016-06-21,48.02960968017578,10.89980411529541,35.57771301269531,31.655799865722656
2016-06-22,47.84648895263672,10.891799926757812,35.381858825683594,31.478784561157227
2016-06-23,48.86888885498047,11.235919952392578,36.08995056152344,32.7916145324707
2016-06-24,45.473628997802734,10.403632164001465,34.43272018432617,29.723400115966797
2016-06-27,43.955291748046875,9.747403144836426,33.905418395996094,28.381059646606445
2016-06-28,45.41257858276367,10.163540840148926,34.726505279541016,29.82666778564453
2016-06-29,46.694393157958984,10.555680274963379,35.381858825683594,31.06575584411621
2016-06-30,47.41159439086914,10.619706153869629,35.65304183959961,31.2648983001709
2016-07-01,47.10401916503906,10.483654975891113,35.42705154418945,31.10262680053711
2016-07-05,45.789161682128906,10.19555377960205,34.809364318847656,30.077428817749023
2016-07-06,46.28129196166992,10.291590690612793,35.14080810546875,30.28394889831543
2016-07-07,46.58115768432617,10.41163158416748,35.253807067871094,30.453584671020508
2016-07-08,47.54230499267578,10.539674758911133,35.99955749511719,30.962493896484375
2016-07-11,47.88064193725586,10.571687698364258,36.21799850463867,31.19114875793457
2016-07-12,48.595726013183594,10.835779190063477,36.42140579223633,32.03932189941406
2016-07-13,48.56497573852539,10.755753517150879,36.36113739013672,31.95819664001465
2016-07-14,49.30312728881836,10.923810005187988,36.865840911865234,32.78425216674805
2016-07-15,49.34928512573242,10.931812286376953,35.93930435180664,32.69575881958008
2016-07-18,49.180110931396484,11.29194164276123,36.36867141723633,32.87275314331055
2016-07-19,49.10321807861328,11.411979675292969,36.43646240234375,32.71049499511719
2016-07-20,49.157039642333984,11.524020195007324,36.61725616455078,32.799007415771484
2016-07-21,48.97250747680664,11.419983863830566,36.383731842041016,32.54823684692383
2016-07-22,49.241641998291016,11.508016586303711,36.3988037109375,32.67361831665039
2016-07-25,49.11090087890625,11.500011444091797,36.24813461303711,32.48185729980469
2016-07-26,49.310821533203125,11.628057479858398,36.135154724121094,32.562992095947266
2016-07-27,49.46461486816406,11.708086967468262,36.15774154663086,32.66625213623047
2016-07-28,49.287750244140625,11.748095512390137,36.255672454833984,32.629234313964844
2016-07-29,49.18780517578125,11.59604263305664,36.135154724121094,32.42936706542969
2016-08-01,49.05708312988281,11.468000411987305,36.01461410522461,32.14068603515625
2016-08-02,48.94173812866211,11.307947158813477,35.93175506591797,31.822389602661133
2016-08-03,49.71836853027344,11.588042259216309,36.12158966064453,32.48859405517578
2016-08-04,49.64146423339844,11.588042259216309,36.326622009277344,32.45158767700195
2016-08-05,50.97938537597656,12.044200897216797,36.96445846557617,33.843204498291016
2016-08-08,50.825599670410156,12.108224868774414,37.139102935791016,34.02086639404297
2016-08-09,50.648746490478516,12.15623950958252,37.15428161621094,33.97645568847656
2016-08-10,50.19508743286133,11.852136611938477,36.58479309082031,33.64335250854492
2016-08-11,50.33348846435547,11.90815544128418,36.63035583496094,33.85062026977539
2016-08-12,50.225852966308594,11.932161331176758,36.37217330932617,33.739585876464844
2016-08-15,50.53340148925781,12.02019214630127,36.65312957763672,34.33917236328125
2016-08-16,50.525718688964844,12.14023494720459,36.78220748901367,34.509422302246094
2016-08-17,50.66412353515625,12.124228477478027,36.91130065917969,34.516822814941406
2016-08-18,50.71026611328125,12.132232666015625,36.850555419921875,34.420597076416016
2016-08-19,50.641056060791016,12.18024730682373,36.94168472290039,34.44279479980469
2016-08-22,50.59492111206055,12.148239135742188,36.92649459838867,34.53902053833008
2016-08-23,50.57184600830078,12.284290313720703,36.75944137573242,34.48720169067383
2016-08-24,50.71026611328125,12.324298858642578,36.92649459838867,34.53902053833008
2016-08-25,50.80253982543945,12.428339004516602,36.736663818359375,34.583438873291016
2016-08-26,50.91786193847656,12.636408805847168,36.83536911010742,34.87213897705078
2016-08-29,51.479164123535156,12.676424980163574,37.632667541503906,34.98316192626953
2016-08-30,51.902095794677734,12.956522941589355,38.43756103515625,35.4569091796875
2016-08-31,51.902095794677734,12.97662353515625,38.574249267578125,35.33846664428711
2016-09-01,51.679100036621094,12.847979545593262,38.29328918457031,35.057186126708984
2016-09-02,51.89439392089844,12.864059448242188,38.38440704345703,35.1682243347168
2016-09-06,51.855953216552734,12.687177658081055,37.95918655395508,35.00537109375
2016-09-07,51.64065933227539,12.622859954833984,37.7921257019043,35.1460075378418
2016-09-08,51.70985412597656,12.751497268676758,37.89085388183594,35.375484466552734
2016-09-09,51.2485237121582,12.655019760131836,36.994834899902344,34.91653823852539
2016-09-12,51.563758850097656,12.783659934997559,36.85814666748047,35.375484466552734
2016-09-13,51.15625,12.63893985748291,35.65840148925781,34.731483459472656
2016-09-14,51.05628204345703,12.56657886505127,35.32429504394531,34.60563278198242
2016-09-15,51.24081039428711,12.598740577697754,35.043338775634766,34.84990692138672
2016-09-16,50.61030578613281,12.454018592834473,34.496612548828125,34.353965759277344
2016-09-19,50.89481735229492,12.534417152404785,34.937042236328125,34.48720169067383
2016-09-20,51.10240936279297,12.542459487915039,35.35466384887695,34.45020294189453
2016-09-21,51.39460372924805,12.582661628723145,34.80035400390625,34.716670989990234
2016-09-22,51.81749725341797,12.542459487915039,34.716827392578125,34.87213897705078
2016-09-23,51.70985412597656,12.478137969970703,34.73202133178711,34.9017333984375
2016-09-26,50.579551696777344,12.132416725158691,34.0789794921875,33.96904754638672
2016-09-27,51.0255241394043,12.293213844299316,34.238441467285156,34.324363708496094
2016-09-28,51.29463577270508,12.365577697753906,34.405494689941406,34.69447326660156
2016-09-29,50.479583740234375,12.188697814941406,33.691715240478516,33.90243148803711
2016-09-30,51.20236587524414,12.582661628723145,33.62337112426758,34.9609489440918
2016-10-03,51.1408576965332,12.56657886505127,33.28167724609375,34.81291198730469
2016-10-04,51.58231735229492,12.70326042175293,33.22092056274414,35.34586715698242
2016-10-05,52.426544189453125,12.952500343322754,34.16251754760742,36.0120735168457
2016-10-06,52.56595993041992,13.040937423706055,34.306785583496094,36.32296371459961
2016-10-07,52.75183868408203,12.968578338623047,34.420677185058594,36.478424072265625
2016-10-10,53.16230773925781,13.10526180267334,34.663673400878906,36.67828369140625
2016-10-11,52.9067268371582,12.952500343322754,34.511802673339844,36.26374053955078
2016-10-12,52.767333984375,12.888177871704102,34.413082122802734,36.04907989501953
2016-10-13,52.46527862548828,12.72737979888916,33.98025894165039,35.878841400146484
2016-10-14,52.29487228393555,12.864059448242188,33.94989013671875,35.982479095458984
2016-10-17,52.023780822753906,12.904257774353027,33.790443420410156,35.97506332397461
2016-10-18,52.43428039550781,13.073097229003906,34.132137298583984,36.26374053955078
2016-10-19,52.93770980834961,13.241942405700684,34.367523193359375,36.62645721435547
2016-10-20,52.868011474609375,13.314301490783691,34.1169548034668,36.700496673583984
2016-10-21,53.0461540222168,13.402741432189941,34.238441467285156,36.69308853149414
2016-10-24,53.34046936035156,13.483144760131836,34.56495666503906,36.700496673583984
2016-10-25,53.286251068115234,13.44294261932373,34.716827392578125,36.707889556884766
2016-10-26,53.541847229003906,13.563543319702148,35.043338775634766,37.01879119873047
2016-10-27,53.619285583496094,13.595706939697266,35.24076843261719,36.95957946777344
2016-10-28,53.52634811401367,13.410781860351562,35.104095458984375,36.68568420410156
2016-10-31,53.642513275146484,13.266057968139648,34.937042236328125,36.38219451904297
2016-11-01,53.41790771484375,13.354500770568848,34.921852111816406,36.226741790771484
2016-11-02,53.19329071044922,13.249979972839355,34.6385498046875,35.93064498901367
2016-11-03,52.96095657348633,13.249979972839355,34.71511459350586,35.78955078125
2016-11-04,52.48075485229492,13.306260108947754,34.14852523803711,35.77468490600586
2016-11-07,54.12270736694336,13.676100730895996,34.76105880737305,37.00010299682617
2016-11-08,54.2388916015625,13.66806697845459,34.868255615234375,37.06694412231445
2016-11-09,56.73282241821289,14.44794750213623,36.74412155151367,38.31464385986328
2016-11-10,59.36614990234375,15.083109855651855,39.5311279296875,39.814842224121094
2016-11-11,59.397117614746094,15.292149543762207,39.607696533203125,39.235572814941406
2016-11-14,61.581241607666016,16.144393920898438,40.748531341552734,40.6095085144043
2016-11-15,61.46505355834961,16.20871353149414,40.26616668701172,41.18136978149414
2016-11-16,59.94704055786133,15.879073143005371,39.56941223144531,40.57236862182617
2016-11-17,60.42720031738281,16.144393920898438,40.18960952758789,41.18136978149414
2016-11-18,60.1871337890625,16.080068588256836,40.442264556884766,41.18879699707031
2016-11-21,60.45045471191406,16.34539222717285,39.906307220458984,41.24821090698242
2016-11-22,60.82220458984375,16.32127571105957,39.982872009277344,41.66410446166992
2016-11-23,61.07779312133789,16.530317306518555,39.936927795410156,42.10227966308594
2016-11-25,61.054588317871094,16.771516799926758,40.28913116455078,42.169124603271484
2016-11-28,60.65958023071289,16.32127571105957,39.49285125732422,41.196224212646484
2016-11-29,61.12427520751953,16.313234329223633,39.70722961425781,41.23335647583008
2016-11-30,62.092411041259766,17.04355812072754,40.518829345703125,41.879486083984375
2016-12-01,63.347145080566406,17.350208282470703,41.60607147216797,42.53303909301758
2016-12-02,63.1999626159668,17.1323299407959,41.0241584777832,41.60469436645508
2016-12-05,64.48564147949219,17.624584197998047,41.613739013671875,42.54046630859375
2016-12-06,64.81871032714844,17.882823944091797,42.53251647949219,43.015769958496094
2016-12-07,65.11300659179688,18.213687896728516,43.857120513916016,43.86241912841797
2016-12-08,65.92623901367188,18.520349502563477,43.86479187011719,44.67194366455078
2016-12-09,66.21280670166016,18.633325576782227,43.74993896484375,44.590248107910156
2016-12-12,65.62416076660156,18.245967864990234,42.708621978759766,44.22634506225586
2016-12-13,65.64741516113281,18.245967864990234,42.754581451416016,44.40458679199219
2016-12-14,65.62416076660156,18.29438591003418,41.881717681884766,44.15207290649414
2016-12-15,66.60781860351562,18.689804077148438,42.25688552856445,44.73135757446289
2016-12-16,65.78683471679688,18.286319732666016,42.371734619140625,44.374874114990234
2016-12-19,66.16632080078125,18.14105796813965,42.27985382080078,44.30802917480469
2016-12-20,67.01830291748047,18.32666778564453,42.953636169433594,45.154685974121094
2016-12-21,67.18866729736328,18.26210594177246,42.6550178527832,45.117557525634766
2016-12-22,67.297119140625,18.18947982788086,42.68566131591797,44.92445373535156
2016-12-23,67.42102813720703,18.23790168762207,42.84644317626953,45.29579162597656
2016-12-27,67.48301696777344,18.245967864990234,42.83879470825195,45.37006378173828
2016-12-28,66.99506378173828,18.020008087158203,42.356422424316406,44.590248107910156
2016-12-29,66.5226058959961,17.75370979309082,41.9889030456543,44.1000862121582
2016-12-30,66.83242797851562,17.834402084350586,42.19562911987305,44.13721466064453
2017-01-03,67.56045532226562,18.181411743164062,42.8770751953125,44.99871826171875
2017-01-04,67.68505859375,18.520349502563477,42.91535568237305,45.60771942138672
2017-01-05,67.06201934814453,18.302457809448242,42.249237060546875,44.813053131103516
2017-01-06,67.06982421875,18.302457809448242,42.14203643798828,44.968997955322266
2017-01-09,67.11653137207031,18.197546005249023,41.52950668334961,44.723934173583984
2017-01-10,67.31122589111328,18.512271881103516,41.820457458496094,44.73135757446289
2017-01-11,67.81745910644531,18.6171817779541,41.958282470703125,44.53083419799805
2017-01-12,67.16327667236328,18.496135711669922,41.728580474853516,43.98868942260742
2017-01-13,67.521484375,18.568758010864258,42.34877014160156,44.28575134277344
2017-01-17,65.06832122802734,17.794057846069336,41.17729568481445,43.3574104309082
2017-01-18,65.3720703125,18.26210594177246,41.552467346191406,42.62215805053711
2017-01-19,64.87360382080078,18.181411743164062,41.78984069824219,42.08000183105469
2017-01-20,65.16175842285156,18.270174026489258,42.16500473022461,41.67154312133789
2017-01-23,65.19291687011719,18.20561408996582,41.53716278076172,41.352176666259766
2017-01-24,65.97950744628906,18.520349502563477,41.881717681884766,42.13941955566406
2017-01-25,66.99972534179688,18.859283447265625,43.35179138183594,42.844970703125
2017-01-26,67.56043243408203,18.915767669677734,43.78055191040039,42.59986877441406
2017-01-27,67.70063018798828,18.85120964050293,43.328826904296875,42.414222717285156
2017-01-30,66.99972534179688,18.520349502563477,42.938323974609375,42.042869567871094
2017-01-31,65.9094009399414,18.270174026489258,43.129737854003906,41.463600158691406
2017-02-01,66.15860748291016,18.471923828125,43.09890365600586,41.62696838378906
2017-02-02,65.87824249267578,18.334735870361328,42.9755744934082,41.694007873535156
2017-02-03,67.89533996582031,18.79471778869629,44.147274017333984,43.019744873046875
2017-02-06,67.57603454589844,18.657529830932617,43.59225082397461,42.93036651611328
2017-02-07,67.53710174560547,18.479997634887695,43.43037033081055,42.595218658447266
2017-02-08,66.9451904296875,18.29438591003418,42.883056640625,41.947235107421875
2017-02-09,67.91091918945312,18.657529830932617,43.73101043701172,42.6473503112793
2017-02-10,67.7551498413086,18.6252498626709,43.83122253417969,42.92292404174805
2017-02-13,68.6507568359375,18.88348960876465,44.00081253051758,43.90606689453125
2017-02-14,69.74887084960938,19.416099548339844,44.694583892822266,44.56150436401367
2017-02-15,70.551025390625,19.835729598999023,45.133968353271484,45.06051254272461
2017-02-16,70.50431060791016,19.835729598999023,44.80250930786133,44.97112274169922
2017-02-17,70.27068328857422,19.787317276000977,44.779380798339844,44.814727783203125
2017-02-21,70.87810516357422,19.997133255004883,44.90272521972656,45.09774398803711
2017-02-22,70.91706085205078,20.005203247070312,44.98752212524414,45.14988708496094
2017-02-23,70.9715805053711,19.835729598999023,45.08771896362305,45.14988708496094
2017-02-24,70.34854888916016,19.553287506103516,44.563541412353516,44.36040115356445
2017-02-27,70.4264144897461,19.827661514282227,44.756263732910156,44.7030029296875
2017-02-28,70.57439422607422,19.91642951965332,44.617496490478516,44.54659652709961
2017-03-01,72.89517974853516,20.640878677368164,46.04360580444336,45.83510971069336
2017-03-02,71.7581558227539,20.422338485717773,45.257328033447266,45.15733337402344
2017-03-03,72.27214813232422,20.592323303222656,45.39606857299805,45.43290710449219
2017-03-06,71.58682250976562,20.438520431518555,45.180240631103516,44.89665222167969
2017-03-07,71.18962860107422,20.40614891052246,44.9412841796875,45.06051254272461
2017-03-08,71.03386688232422,20.446613311767578,44.87188720703125,45.51483154296875
2017-03-09,71.31423950195312,20.51947021484375,45.24959945678711,45.84255599975586
2017-03-10,71.08839416503906,20.487091064453125,45.3652458190918,45.79787063598633
2017-03-13,71.15070343017578,20.47899055480957,45.24959945678711,45.82766342163086
2017-03-14,71.26753234863281,20.49518585205078,45.29586410522461,45.7606315612793
2017-03-15,71.4388656616211,20.381864547729492,45.257328033447266,45.313751220703125
2017-03-16,71.36873626708984,20.414243698120117,45.727542877197266,45.54463195800781
2017-03-17,70.62113952636719,20.122838973999023,45.22649002075195,44.963680267333984
2017-03-20,70.1148910522461,19.78287124633789,44.424781799316406,44.38274002075195
2017-03-21,68.05887603759766,18.633453369140625,43.05265426635742,43.228294372558594
2017-03-22,68.16792297363281,18.568700790405273,42.65181350708008,43.027198791503906
2017-03-23,68.05887603759766,18.67392921447754,42.59013366699219,43.235740661621094
2017-03-24,67.98098754882812,18.714397430419922,43.03722381591797,43.250640869140625
2017-03-27,67.94206237792969,18.64154815673828,42.69805908203125,43.44428634643555
2017-03-28,69.00121307373047,19.00580406188965,43.137451171875,44.256126403808594
2017-03-29,68.74420928955078,18.90057373046875,42.91389846801758,44.233787536621094
2017-03-30,69.33609771728516,19.321487426757812,43.35329055786133,45.06795883178711
2017-03-31,68.40933227539062,19.09484100341797,42.906192779541016,44.55405044555664
2017-04-03,68.16011047363281,19.09484100341797,42.77513885498047,44.44977951049805
2017-04-04,68.38727569580078,18.973424911499023,42.551597595214844,44.44977951049805
2017-04-05,67.51001739501953,18.754873275756836,42.38200378417969,44.38274002075195
2017-04-06,67.73716735839844,18.827722549438477,42.68263626098633,44.606178283691406
2017-04-07,67.50218200683594,18.746780395507812,42.27408218383789,44.26356887817383
2017-04-10,67.26720428466797,18.633453369140625,42.042823791503906,44.1518440246582
2017-04-11,67.14971923828125,18.55251693725586,41.749900817871094,43.96564865112305
2017-04-12,66.89122009277344,18.333961486816406,40.948204040527344,43.5783576965332
2017-04-13,66.10795593261719,18.08303451538086,39.583778381347656,43.228294372558594
2017-04-17,67.25153350830078,18.463476181030273,40.63985061645508,43.935855865478516
2017-04-18,66.70325469970703,18.382530212402344,40.43171691894531,43.511322021484375
2017-04-19,66.15495300292969,18.406816482543945,40.200477600097656,42.99740219116211
2017-04-20,67.00875091552734,18.67392921447754,41.24113464355469,43.50386428833008
2017-04-21,66.20195770263672,18.382530212402344,40.85569763183594,42.989959716796875
2017-04-24,68.53609466552734,19.12722396850586,41.35675811767578,44.271018981933594
2017-04-25,69.13138580322266,19.410524368286133,42.05823516845703,44.84452819824219
2017-04-26,69.26451873779297,19.337678909301758,42.042823791503906,44.762596130371094
2017-04-27,68.62223815917969,19.14341163635254,41.96573257446289,44.35186004638672
2017-04-28,68.14444732666016,18.892480850219727,41.50322341918945,44.15021514892578
2017-05-01,68.19145965576172,19.111026763916016,41.98115158081055,44.40412902832031
2017-05-02,67.7528305053711,19.046274185180664,42.042823791503906,44.5908317565918
2017-05-03,68.14444732666016,19.240543365478516,42.57845687866211,44.986629486083984
2017-05-04,68.2228012084961,19.305295944213867,42.834625244140625,44.9642333984375
2017-05-05,68.14444732666016,19.21626091003418,42.7802734375,44.986629486083984
2017-05-08,68.2228012084961,19.394332885742188,42.72594451904297,45.18079376220703
2017-05-09,67.94865417480469,19.410524368286133,42.44649887084961,44.97916030883789
2017-05-10,68.48126220703125,19.548133850097656,42.4775390625,45.083702087402344
2017-05-11,68.26979064941406,19.483373641967773,41.716800689697266,45.33015441894531
2017-05-12,68.08177947998047,19.426713943481445,41.15788269042969,45.60645294189453
2017-05-15,68.4107666015625,19.475282669067383,41.39075469970703,45.86784744262695
2017-05-16,68.62223815917969,19.418628692626953,41.34419250488281,46.666908264160156
2017-05-17,66.00616455078125,18.269207000732422,40.55238723754883,44.79246520996094
2017-05-18,65.76334381103516,18.406816482543945,40.66106414794922,44.86714172363281
2017-05-19,66.4056167602539,18.657737731933594,41.18893814086914,45.62886047363281
2017-05-22,66.34294128417969,18.649641036987305,41.15011978149414,45.5989875793457
2017-05-23,67.17320251464844,18.932947158813477,41.445091247558594,46.08440399169922
2017-05-24,67.13407135009766,18.908672332763672,41.212223052978516,46.50261688232422
2017-05-25,66.85205841064453,18.81963348388672,40.97156524658203,46.263641357421875
2017-05-26,66.8598861694336,18.811532974243164,40.684356689453125,46.353248596191406
2017-05-30,65.71632385253906,18.544414520263672,40.49027633666992,46.03213119506836
2017-05-31,64.34561920166016,18.19927406311035,39.698486328125,45.21065902709961
2017-06-01,65.05840301513672,18.37793731689453,40.42819595336914,45.61393737792969
2017-06-02,64.72941589355469,18.231752395629883,40.218589782714844,45.63632583618164
2017-06-05,64.8469009399414,18.19927406311035,40.148719787597656,45.740875244140625
2017-06-06,64.98005676269531,18.053089141845703,40.218589782714844,45.56165313720703
2017-06-07,65.72415924072266,18.353574752807617,40.435943603515625,46.21136474609375
2017-06-08,66.53875732421875,18.654050827026367,40.8007926940918,47.204586029052734
2017-06-09,68.11312103271484,19.2225284576416,41.76336669921875,48.130611419677734
2017-06-12,68.1288070678711,19.311857223510742,41.98847961425781,48.033531188964844
2017-06-13,68.35594940185547,19.303739547729492,42.26793670654297,48.30984115600586
2017-06-14,68.2149429321289,19.295612335205078,42.330047607421875,48.33224868774414
2017-06-15,67.80764770507812,19.11695098876953,41.84099578857422,47.86922836303711
2017-06-16,67.50218200683594,19.027624130249023,41.833229064941406,47.7124137878418
2017-06-19,68.98255920410156,19.417423248291016,42.10493469238281,48.153018951416016
2017-06-20,68.55176544189453,19.076345443725586,41.49943542480469,47.72735595703125
2017-06-21,68.23844146728516,18.78399085998535,41.1268310546875,47.66761779785156
2017-06-22,68.16011810302734,18.621566772460938,40.7464485168457,47.51077651977539
2017-06-23,68.03482055664062,18.532241821289062,40.715396881103516,47.35395050048828
2017-06-26,68.33245086669922,18.589082717895508,41.06473159790039,47.6302604675293
2017-06-27,68.9668960571289,18.897686004638672,41.26655578613281,47.96631622314453
2017-06-28,70.35330200195312,19.393062591552734,42.17478942871094,48.67577362060547
2017-06-29,71.39501190185547,19.75039291381836,43.30037307739258,50.01998519897461
2017-06-30,71.5908432006836,19.701662063598633,43.01316452026367,49.94532012939453
2017-07-03,73.04785919189453,20.04275131225586,43.30037307739258,50.975887298583984
2017-07-05,73.78031158447266,20.23765754699707,43.30037307739258,51.11775588989258
2017-07-06,73.5440444946289,20.067113876342773,43.12960433959961,50.50540542602539
2017-07-07,73.91421508789062,20.16457176208496,43.26933288574219,50.714508056640625
2017-07-10,73.39441680908203,20.213293075561523,43.152889251708984,50.520355224609375
2017-07-11,73.11087799072266,19.977779388427734,42.72594451904297,49.9005126953125
2017-07-12,72.85885620117188,19.774757385253906,42.826866149902344,49.97517776489258
2017-07-13,73.32353210449219,19.99402618408203,43.16066360473633,50.04985427856445
2017-07-14,72.65409851074219,19.661060333251953,42.68712615966797,49.825828552246094
2017-07-17,71.97673797607422,19.506771087646484,42.46976852416992,49.907981872558594
2017-07-18,71.7247085571289,19.4093074798584,42.53962707519531,49.952781677246094
2017-07-19,71.8271255493164,19.53924560546875,42.6483154296875,49.810890197753906
2017-07-20,71.8271255493164,19.441797256469727,42.601749420166016,49.556976318359375
2017-07-21,71.58296966552734,19.328096389770508,42.05059051513672,49.28814697265625
2017-07-24,71.89012145996094,19.417423248291016,42.12820816040039,49.36280059814453
2017-07-25,73.08724975585938,19.88033103942871,42.74146270751953,50.804134368896484
2017-07-26,72.40203857421875,19.661060333251953,42.625022888183594,50.766780853271484
2017-07-27,72.1027603149414,19.579862594604492,42.46976852416992,50.482994079589844
2017-07-28,71.89012145996094,19.5148868560791,41.37522506713867,50.35606002807617
2017-07-31,72.2996597290039,19.587982177734375,41.872039794921875,51.11775588989258
2017-08-01,73.26839447021484,19.85596466064453,41.9807243347168,51.97658157348633
2017-08-02,73.3313980102539,19.969667434692383,41.925987243652344,51.842166900634766
2017-08-03,72.8509750366211,19.790998458862305,41.753971099853516,51.1143913269043
2017-08-04,73.7645492553711,20.278261184692383,41.31608963012695,51.752132415771484
2017-08-07,74.04812622070312,20.2701416015625,41.08152770996094,51.797142028808594
2017-08-08,73.78031158447266,20.221412658691406,41.21445083618164,51.67709732055664
2017-08-09,73.66219329833984,20.091482162475586,41.277000427246094,51.33949661254883
2017-08-10,72.60681915283203,19.587982177734375,40.62019729614258,50.43169403076172
2017-08-11,72.0003890991211,19.376829147338867,40.61238479614258,50.1165885925293
2017-08-14,72.84309387207031,19.831605911254883,41.31608963012695,50.934364318847656
2017-08-15,73.03211212158203,19.872207641601562,41.32392120361328,50.99437713623047
2017-08-16,72.5280532836914,19.644821166992188,41.19880676269531,50.79931640625
2017-08-17,71.39395141601562,19.19816017150879,40.50291442871094,49.96652603149414
2017-08-18,71.46482849121094,19.181922912597656,40.40908432006836,49.9515380859375
2017-08-21,71.3781967163086,18.987009048461914,40.518550872802734,49.4788932800293
2017-08-22,72.11064147949219,19.35246467590332,40.83131790161133,50.154109954833984
2017-08-23,72.19728088378906,19.295612335205078,40.68275451660156,50.43920135498047
2017-08-24,72.07913970947266,19.36058235168457,40.78439712524414,50.784305572509766
2017-08-25,72.37053680419922,19.303739547729492,40.47945785522461,50.90434265136719
2017-08-28,72.14214324951172,19.26313018798828,40.36998748779297,50.87433624267578
2017-08-29,71.74835968017578,19.149438858032227,40.205787658691406,50.62676239013672
2017-08-30,71.91374206542969,19.48410415649414,40.15886688232422,51.02437973022461
2017-08-31,71.58296966552734,19.500429153442383,39.9321174621582,51.039398193359375
2017-09-01,72.22090148925781,19.66368293762207,39.85392761230469,51.4520263671875
2017-09-05,70.4961166381836,19.026996612548828,39.17366409301758,50.38669204711914
2017-09-06,70.96864318847656,19.108627319335938,39.001651763916016,50.5067138671875
2017-09-07,69.72428131103516,18.749465942382812,38.84526062011719,49.5614128112793
2017-09-08,69.63764953613281,18.68416404724121,38.76707077026367,49.64392852783203
2017-09-11,70.71663665771484,19.067811965942383,39.611534118652344,50.79931640625
2017-09-12,71.58296966552734,19.549406051635742,40.32306671142578,51.609588623046875
2017-09-13,71.7877426147461,19.859580993652344,40.237060546875,52.05973434448242
2017-09-14,71.64598083496094,19.786117553710938,40.104148864746094,51.947181701660156
2017-09-15,72.15791320800781,19.90039825439453,40.39344787597656,51.797142028808594
2017-09-18,73.18177795410156,20.16159439086914,41.21445083618164,52.967525482177734
2017-09-19,73.98509979248047,20.292198181152344,41.72269058227539,53.38017272949219
2017-09-20,74.5048828125,20.4554500579834,42.02763748168945,53.61273193359375
2017-09-21,74.84353637695312,20.53708267211914,42.27003860473633,53.83781433105469
2017-09-22,74.68602752685547,20.42280387878418,42.418601989746094,53.56773376464844
2017-09-25,74.1268539428711,20.210569381713867,42.246585845947266,53.147586822509766
2017-09-26,73.7960433959961,20.251388549804688,42.06673049926758,53.22261047363281
2017-09-27,74.961669921875,20.74114418029785,42.38731002807617,54.22794723510742
2017-09-28,75.11920166015625,20.77379035949707,42.418601989746094,54.50553894042969
2017-09-29,75.22158813476562,20.684005737304688,43.12232208251953,54.57305908203125
2017-10-02,76.26905822753906,20.912555694580078,43.37251281738281,55.36833572387695
2017-10-03,76.67073059082031,21.108463287353516,43.458534240722656,55.615909576416016
2017-10-04,75.8910140991211,20.986019134521484,42.97374725341797,55.56339645385742
2017-10-05,76.91294860839844,21.3288516998291,43.30998229980469,56.80879592895508
2017-10-06,76.77825164794922,21.394147872924805,43.458534240722656,56.7487907409668
2017-10-09,76.3742446899414,21.10029411315918,43.114501953125,56.561222076416016
2017-10-10,76.9446029663086,21.165597915649414,43.481998443603516,56.40366744995117
2017-10-11,76.71488189697266,21.08397102355957,43.52109146118164,56.22361755371094
2017-10-12,76.04153442382812,20.77379035949707,43.169219970703125,54.295475006103516
2017-10-13,75.93852996826172,21.08397102355957,41.98072052001953,54.10041809082031
2017-10-16,77.50708770751953,21.418636322021484,42.06673049926758,53.84531784057617
2017-10-17,77.3327865600586,21.385984420776367,41.58976364135742,54.16042709350586
2017-10-18,77.62589263916016,21.614534378051758,41.76179122924805,54.8581657409668
2017-10-19,77.72095489501953,21.69615936279297,42.02763748168945,54.6781005859375
2017-10-20,78.83000946044922,22.17776107788086,42.942466735839844,55.16575622558594
2017-10-23,78.69536590576172,22.169599533081055,42.93465042114258,55.16575622558594
2017-10-24,79.9469985961914,22.594045639038086,43.33342361450195,55.69843673706055
2017-10-25,80.02619171142578,22.55323600769043,43.20050048828125,55.233280181884766
2017-10-26,80.59659576416016,22.64303207397461,43.48980712890625,55.360809326171875
2017-10-27,80.62034606933594,22.692005157470703,43.68528747558594,55.42085266113281
2017-10-30,80.33515167236328,22.52875518798828,43.66964340209961,55.35331344604492
2017-10-31,79.70142364501953,22.35733413696289,43.89640426635742,55.14326477050781
2017-11-01,79.9469985961914,22.471614837646484,43.951133728027344,55.540897369384766
2017-11-02,80.47774505615234,22.74913787841797,44.47080612182617,56.073551177978516
2017-11-03,80.33515167236328,22.708324432373047,44.36845016479492,55.79479217529297
2017-11-06,79.83609771728516,22.651187896728516,44.234588623046875,55.60641860961914
2017-11-07,78.22798156738281,22.185924530029297,43.3448600769043,54.785125732421875
2017-11-08,77.3486328125,21.867576599121094,42.72283935546875,54.50633239746094
2017-11-09,77.34069061279297,21.62270164489746,42.51811218261719,54.57414245605469
2017-11-10,77.24568176269531,21.639026641845703,42.3685188293457,54.43852996826172
2017-11-13,77.5229263305664,21.549238204956055,42.29766082763672,54.24263000488281
2017-11-14,77.0555419921875,21.418636322021484,42.54961013793945,53.8960075378418
2017-11-15,77.78433227539062,21.867576599121094,42.32128143310547,54.046730041503906
2017-11-16,78.00613403320312,21.843093872070312,42.990543365478516,54.001502990722656
2017-11-17,77.74474334716797,21.72882080078125,42.63623046875,53.745330810546875
2017-11-20,78.43392944335938,21.826765060424805,42.55748748779297,54.287818908691406
2017-11-21,78.37055969238281,21.8185977935791,42.927555084228516,54.536468505859375
2017-11-22,78.14080810546875,21.761465072631836,42.565364837646484,54.4460563659668
2017-11-24,77.88732147216797,21.70433235168457,42.5889892578125,54.26520919799805
2017-11-27,77.57835388183594,21.70433235168457,42.4787483215332,53.790531158447266
2017-11-28,80.2955551147461,22.5613956451416,43.75429153442383,55.53105926513672
2017-11-29,82.17302703857422,23.083805084228516,44.62826919555664,56.54072952270508
2017-11-30,82.79885864257812,23.091999053955078,44.46293640136719,56.88728713989258
2017-12-01,83.01273345947266,23.034618377685547,44.25033187866211,56.894859313964844
2017-12-04,84.72383117675781,23.821571350097656,45.187320709228516,58.092872619628906
2017-12-05,83.74947357177734,23.714998245239258,46.10066223144531,57.670921325683594
2017-12-06,83.12364196777344,23.477277755737305,46.116416931152344,56.84210205078125
2017-12-07,82.87805938720703,23.592039108276367,46.73843002319336,56.495513916015625
2017-12-08,83.91580963134766,23.813369750976562,46.699066162109375,57.045536041259766
2017-12-11,83.67024993896484,23.72319793701172,46.35261535644531,57.15102767944336
2017-12-12,84.64466094970703,24.034696578979492,47.50218963623047,57.37708282470703
2017-12-13,83.58309173583984,23.64122772216797,46.769935607910156,56.61606216430664
2017-12-14,82.90975189208984,23.551057815551758,46.62818908691406,55.696815490722656
2017-12-15,84.08219146728516,23.805173873901367,47.13999938964844,56.3372688293457
2017-12-18,84.73175048828125,24.165855407714844,47.96673583984375,57.01539993286133
2017-12-19,84.37530517578125,24.141265869140625,47.52581024169922,56.28453063964844
2017-12-20,84.08219146728516,24.165855407714844,47.35258483886719,56.25440979003906
2017-12-21,85.42095947265625,24.444568634033203,48.5100212097168,57.128421783447266
2017-12-22,85.11994171142578,24.493749618530273,48.46277618408203,56.87977981567383
2017-12-26,84.779296875,24.411781311035156,48.13208770751953,56.34479904174805
2017-12-27,84.93775939941406,24.37078857421875,47.990352630615234,56.427711486816406
2017-12-28,85.38929748535156,24.42817497253418,48.26593780517578,56.57085037231445
2017-12-29,84.71592712402344,24.198646545410156,47.769893646240234,56.0660400390625
2018-01-02,85.51604461669922,24.510149002075195,48.100582122802734,56.02836227416992
2018-01-03,85.60316467285156,24.42817497253418,48.47065734863281,56.20164108276367
2018-01-04,86.8294906616211,24.747873306274414,49.07694625854492,56.894859313964844
2018-01-05,86.2720718383789,24.86263656616211,49.40762710571289,56.819496154785156
2018-01-08,86.39948272705078,24.690492630004883,48.848594665527344,56.15643310546875
2018-01-09,86.83743286132812,24.813453674316406,49.021812438964844,56.74414825439453
2018-01-10,87.79301452636719,25.04297637939453,49.6989631652832,57.000335693359375
2018-01-11,88.26286315917969,25.133150100708008,49.61233901977539,56.932518005371094
2018-01-12,89.72007751464844,25.56761360168457,49.250160217285156,57.89696502685547
2018-01-16,89.40155029296875,25.608598709106445,49.21078109741211,58.100406646728516
2018-01-17,89.97491455078125,25.559412002563477,50.2973518371582,58.37163543701172
2018-01-18,90.18990325927734,25.80533218383789,50.352474212646484,58.3113899230957
2018-01-19,89.99083709716797,26.0020694732666,50.565059661865234,58.99705123901367
2018-01-22,91.04194641113281,26.18241310119629,50.96663284301758,59.215538024902344
2018-01-23,90.94640350341797,26.166017532348633,50.777652740478516,59.18540954589844
2018-01-24,92.10901641845703,26.30537223815918,51.557167053222656,59.86354064941406
2018-01-25,92.13290405273438,26.30537223815918,51.691009521484375,59.85600662231445
2018-01-26,92.6266098022461,26.39554214477539,51.91147994995117,60.338233947753906
2018-01-29,92.53105163574219,26.461132049560547,51.82486343383789,60.2478141784668
2018-01-30,91.6630859375,26.133230209350586,51.399681091308594,59.2381706237793
2018-01-31,92.10901641845703,26.23159408569336,51.793365478515625,59.13267135620117
2018-02-01,93.0645751953125,26.64146614074707,51.8884162902832,59.675167083740234
2018-02-02,91.00215148925781,26.19061279296875,50.74783706665039,58.26802062988281
2018-02-05,86.63838195800781,24.805252075195312,46.06671905517578,55.43102264404297
2018-02-06,89.27416229248047,25.5758056640625,45.369686126708984,56.60365676879883
2018-02-07,89.87936401367188,25.616792678833008,45.57563018798828,56.732261657714844
2018-02-08,85.90576171875,24.37898826599121,43.8806037902832,54.37189483642578
2018-02-09,87.62579345703125,24.86263656616211,44.45881271362305,55.741214752197266
2018-02-12,88.97954559326172,25.510229110717773,44.75187301635742,56.558258056640625
2018-02-13,89.52896118164062,25.559412002563477,45.93998336791992,56.876007080078125
2018-02-14,91.5993881225586,26.23159408569336,47.16769027709961,58.03352355957031
2018-02-15,91.98162841796875,26.40373992919922,47.53996658325195,58.31341552734375
2018-02-16,91.32066345214844,26.207000732421875,47.484519958496094,58.11672592163086
2018-02-20,91.34456634521484,26.174217224121094,47.484519958496094,57.84437942504883
2018-02-21,91.726806640625,26.125028610229492,47.310264587402344,58.25288772583008
2018-02-22,91.55953216552734,25.977474212646484,46.58156204223633,57.70061111450195
2018-02-23,93.41496276855469,26.256187438964844,46.86669921875,58.31341552734375
2018-02-26,94.57756042480469,26.57588768005371,47.5003547668457,58.7446403503418
2018-02-27,93.45477294921875,26.502113342285156,46.898380279541016,57.78382873535156
2018-02-28,91.9736099243164,26.31356430053711,46.26472854614258,57.110530853271484
2018-03-01,90.32530212402344,25.902162551879883,45.39345169067383,55.7260856628418
2018-03-02,90.2376708984375,26.02558708190918,45.47266387939453,55.741214752197266
2018-03-05,91.6232681274414,26.43699073791504,45.615234375,56.30104064941406
2018-03-06,91.7029037475586,26.4205322265625,45.20335388183594,56.0286865234375
2018-03-07,91.36048126220703,26.478134155273438,44.831085205078125,55.92277145385742
2018-03-08,91.3684310913086,26.49459457397461,44.92613220214844,56.06650924682617
2018-03-09,93.99626922607422,26.92245101928711,46.12215805053711,57.57956314086914
2018-03-12,93.69367218017578,27.02119255065918,45.95581817626953,57.5114860534668
2018-03-13,92.57086181640625,26.626239776611328,45.59148406982422,56.67174530029297
2018-03-14,91.53568267822266,26.44521713256836,44.85483932495117,55.58232498168945
2018-03-15,91.76660919189453,26.41230583190918,45.01325607299805,55.483985900878906
2018-03-16,91.92587280273438,26.469898223876953,44.276634216308594,55.58232498168945
2018-03-19,91.20122528076172,26.313570022583008,43.9439697265625,54.999813079833984
2018-03-20,91.28880310058594,26.313570022583008,43.48457336425781,55.16624069213867
2018-03-21,91.3684310913086,26.22305679321289,43.397438049316406,55.46885299682617
2018-03-22,87.55413818359375,25.136951446533203,41.60736846923828,53.19170379638672
2018-03-23,85.21296691894531,24.0014705657959,40.37965393066406,51.368465423583984
2018-03-26,87.8407974243164,25.04643440246582,41.417266845703125,52.79074478149414
2018-03-27,86.13668823242188,24.28944969177246,40.4747200012207,51.655948638916016
2018-03-28,86.00132751464844,24.182479858398438,40.77568817138672,51.64082717895508
2018-03-29,87.570068359375,24.676172256469727,41.51231384277344,51.065834045410156
2018-04-02,85.88189697265625,24.11665916442871,40.67272186279297,51.224727630615234
2018-04-03,87.06043243408203,24.3470458984375,41.25094223022461,51.8072395324707
2018-04-04,88.38229370117188,24.585655212402344,41.908348083496094,52.43516159057617
2018-04-05,89.54279327392578,24.947702407836914,42.18557357788086,53.123600006103516
2018-04-06,87.30982208251953,24.37995719909668,41.369754791259766,51.89804458618164
2018-04-09,88.3582763671875,24.577436447143555,41.385581970214844,52.533504486083984
2018-04-10,90.0469970703125,25.0793514251709,41.678653717041016,53.34300231933594
2018-04-11,88.53434753417969,24.60211944580078,41.13212203979492,52.873958587646484
2018-04-12,90.73530578613281,25.219221115112305,41.74201965332031,54.56857681274414
2018-04-13,88.27825164794922,24.51983642578125,40.30836486816406,53.72126007080078
2018-04-16,88.2061996459961,24.626802444458008,40.23708724975586,53.0101203918457
2018-04-17,88.2061996459961,24.717313766479492,40.05491256713867,52.760467529296875
2018-04-18,87.49390411376953,24.297672271728516,39.91233444213867,52.18551254272461
2018-04-19,89.41473388671875,24.832504272460938,40.82321548461914,53.16899490356445
2018-04-20,89.21464538574219,24.89832878112793,41.631126403808594,52.95716857910156
2018-04-23,88.782470703125,24.947702407836914,41.67073059082031,52.563785552978516
2018-04-24,88.36627960205078,24.84073829650879,41.591529846191406,52.29143142700195
2018-04-25,88.0301284790039,24.79959487915039,42.0667610168457,52.47298812866211
2018-04-26,88.1181869506836,24.74199676513672,41.53606414794922,52.33681869506836
2018-04-27,87.55794525146484,24.80782127380371,41.472713470458984,52.19307327270508
2018-04-30,87.06171417236328,24.61857032775879,41.155887603759766,51.64837646484375
2018-05-01,87.06171417236328,24.643260955810547,41.631126403808594,51.633243560791016
2018-05-02,86.3734130859375,24.33881950378418,41.33806610107422,51.43653869628906
2018-05-03,85.8292007446289,24.02614974975586,41.130577087402344,51.398719787597656
2018-05-04,86.7815933227539,24.108427047729492,41.824859619140625,51.641963958740234
2018-05-07,87.53392791748047,24.388187408447266,42.02436447143555,52.067626953125
2018-05-08,88.83049011230469,24.626802444458008,42.44731903076172,53.967899322509766
2018-05-09,90.76731872558594,25.276824951171875,42.90220260620117,54.68999099731445
2018-05-10,91.47161865234375,25.416706085205078,43.61246109008789,55.16127395629883
2018-05-11,91.12748718261719,25.441389083862305,43.45284652709961,55.381717681884766
2018-05-14,91.15946960449219,25.6059513092041,43.4767951965332,55.19927978515625
2018-05-15,90.46318054199219,25.688232421875,43.6922607421875,55.244895935058594
2018-05-16,90.7112808227539,25.556581497192383,43.92369079589844,54.68999099731445
2018-05-17,90.40716552734375,25.35088348388672,43.269309997558594,54.3935546875
2018-05-18,88.94251251220703,24.89832878112793,42.85431671142578,53.177371978759766
2018-05-21,89.7588882446289,25.136951446533203,43.52467727661133,53.53462219238281
2018-05-22,90.44717407226562,25.416706085205078,44.09925842285156,54.02872085571289
2018-05-23,90.0310287475586,25.04643440246582,44.83345031738281,53.39021301269531
2018-05-24,89.02256774902344,24.85719108581543,43.628414154052734,52.68330001831055
2018-05-25,88.5663833618164,24.816049575805664,43.81196594238281,52.02200698852539
2018-05-29,84.78073120117188,23.82867431640625,42.255802154541016,49.94690704345703
2018-05-30,86.71756744384766,24.264760971069336,43.277278900146484,50.684207916259766
2018-05-31,85.64510345458984,23.99213218688965,43.08576202392578,50.69181442260742
2018-06-01,86.75758361816406,24.289552688598633,43.644378662109375,51.140281677246094
2018-06-04,86.79761505126953,24.289552688598633,43.756103515625,51.18588638305664
2018-06-05,86.30940246582031,24.0582218170166,43.49274826049805,50.74503707885742
2018-06-06,88.32626342773438,24.818302154541016,44.354618072509766,51.862396240234375
2018-06-07,88.67842102050781,24.859607696533203,44.394535064697266,52.02960205078125
2018-06-08,88.926513671875,24.793514251708984,44.434425354003906,52.04481887817383
2018-06-11,88.70243835449219,24.834821701049805,44.29875946044922,51.77117156982422
2018-06-12,88.19021606445312,24.702640533447266,44.195030212402344,51.39112091064453
2018-06-13,88.01414489746094,24.65306854248047,44.01943588256836,51.147884368896484
2018-06-14,86.46145629882812,24.372167587280273,43.68427276611328,50.28895950317383
2018-06-15,86.35741424560547,24.190406799316406,43.87580490112305,50.42576599121094
2018-06-18,86.58151245117188,24.289552688598633,43.95561218261719,50.73741149902344
2018-06-19,86.07728576660156,24.17388343811035,43.95561218261719,50.760223388671875
2018-06-20,86.06929016113281,24.157363891601562,43.4767951965332,51.21630096435547
2018-06-21,86.04525756835938,24.19867515563965,43.389007568359375,51.40632247924805
2018-06-22,84.63667297363281,23.95081901550293,43.04584884643555,51.079463958740234
2018-06-25,83.86833190917969,23.52946662902832,43.06181716918945,49.9773063659668
2018-06-26,83.92436981201172,23.57904052734375,42.638858795166016,50.402976989746094
2018-06-27,82.6278076171875,23.331186294555664,42.51914978027344,49.75688171386719
2018-06-28,83.98040008544922,23.686443328857422,42.7984733581543,50.83622741699219
2018-06-29,83.39612579345703,23.289875030517578,44.242897033691406,50.86663055419922
2018-07-02,84.10045623779297,23.364233016967773,44.94516372680664,51.049076080322266
2018-07-03,82.92391204833984,22.95114517211914,44.33866500854492,50.21294021606445
2018-07-05,83.46308135986328,23.066808700561523,44.08329772949219,50.59300994873047
2018-07-06,83.73664855957031,23.15768814086914,44.602012634277344,51.03386688232422
2018-07-09,86.32778930664062,24.000389099121094,45.30427551269531,52.40206527709961
2018-07-10,85.79669189453125,23.818632125854492,45.184574127197266,51.862396240234375
2018-07-11,85.61162567138672,23.694704055786133,44.74564743041992,51.61914825439453
2018-07-12,85.98180389404297,23.76905632019043,44.71372985839844,52.07522201538086
2018-07-13,85.58747863769531,23.587297439575195,44.179054260253906,50.92744445800781
2018-07-16,88.98328399658203,24.60349464416504,45.47985076904297,52.79731369018555
2018-07-17,88.91891479492188,24.793514251708984,45.136695861816406,52.71371078491211
2018-07-18,89.74774932861328,24.892654418945312,45.14468002319336,53.093772888183594
2018-07-19,88.42804718017578,24.51261329650879,44.95314407348633,52.4400634765625
2018-07-20,89.54657745361328,24.892654418945312,45.01699447631836,52.61488723754883
2018-07-23,91.2122802734375,25.40488624572754,46.285865783691406,53.36739730834961
2018-07-24,91.85604095458984,25.470975875854492,46.5651741027832,54.02110290527344
2018-07-25,92.68489837646484,25.669261932373047,46.46940994262695,54.515167236328125
2018-07-26,92.4193344116211,25.56186294555664,46.53324508666992,54.22633743286133
2018-07-27,93.36886596679688,25.6610050201416,46.78862380981445,54.492374420166016
2018-07-30,93.93215942382812,25.867542266845703,46.67689514160156,54.94844436645508
2018-07-31,92.49980926513672,25.51228904724121,45.71926498413086,54.64439010620117
2018-08-01,93.07115936279297,25.817981719970703,46.00654602050781,54.67479705810547
2018-08-02,93.4654312133789,25.842763900756836,46.51729202270508,54.606388092041016
2018-08-03,94.22185516357422,26.032779693603516,46.9482307434082,55.37129592895508
2018-08-06,94.24598693847656,26.04104232788086,46.99610900878906,55.3789176940918
2018-08-07,94.59203338623047,26.032779693603516,46.940250396728516,55.386592864990234
2018-08-08,94.78514099121094,26.27236557006836,47.23551940917969,55.75374221801758
2018-08-09,94.05288696289062,26.107141494750977,46.97827911376953,55.057708740234375
2018-08-10,93.12744903564453,25.768402099609375,46.66476821899414,53.74205780029297
2018-08-13,91.64682006835938,25.181819915771484,46.31106948852539,52.900657653808594
2018-08-14,92.2583999633789,25.43793487548828,46.680843353271484,53.55082321166992
2018-08-15,91.49392700195312,25.08268165588379,46.616539001464844,52.51055145263672
2018-08-16,92.3549575805664,25.38010025024414,47.155128479003906,53.206600189208984
2018-08-17,92.3549575805664,25.396623611450195,47.3159065246582,53.2907600402832
2018-08-20,92.23424530029297,25.504030227661133,47.45256042480469,53.94856643676758
2018-08-21,92.79754638671875,25.62795066833496,47.39628982543945,54.491661071777344
2018-08-22,92.51589965820312,25.594905853271484,47.565101623535156,54.39986038208008
2018-08-23,92.3227767944336,25.47924041748047,47.12297439575195,54.16274642944336
2018-08-24,92.28255462646484,25.520553588867188,47.17924880981445,54.055660247802734
2018-08-27,93.91607666015625,25.867542266845703,47.508827209472656,55.37129592895508
2018-08-28,93.45738220214844,25.83449935913086,47.48472213745117,55.363624572753906
2018-08-29,93.15160369873047,25.72709846496582,47.39628982543945,55.47837829589844
2018-08-30,92.69294738769531,25.619693756103516,46.994354248046875,54.6599235534668
2018-08-31,92.2020492553711,25.55359649658203,47.01044464111328,54.491661071777344
2018-09-04,92.6607437133789,25.72709846496582,47.26768112182617,54.61404037475586
2018-09-05,92.2101058959961,25.76014518737793,47.38825988769531,54.43809509277344
2018-09-06,91.81581115722656,25.610706329345703,46.568302154541016,53.62732696533203
2018-09-07,91.99284362792969,25.619016647338867,46.14226531982422,53.26781463623047
2018-09-10,91.5019760131836,25.585805892944336,46.19048309326172,53.260154724121094
2018-09-11,92.08135986328125,25.610706329345703,46.12617874145508,53.107177734375
2018-09-12,90.9950180053711,25.26203727722168,44.968589782714844,53.933265686035156
2018-09-13,91.3490982055664,25.021289825439453,44.21296691894531,53.65790557861328
2018-09-14,91.33300018310547,25.21222496032715,43.99591064453125,53.956207275390625
2018-09-17,91.6065902709961,25.137516021728516,43.65829086303711,54.21628189086914
2018-09-18,91.97673797607422,25.079402923583984,43.81101989746094,54.58344268798828
2018-09-19,94.6483383178711,25.735233306884766,44.38981246948242,56.388614654541016
2018-09-20,95.46107482910156,25.892969131469727,44.655086517333984,57.20704650878906
2018-09-21,94.83342742919922,25.760141372680664,44.20491409301758,56.717525482177734
2018-09-24,93.92412567138672,25.519392013549805,43.61808776855469,56.48039245605469
2018-09-25,93.6585693359375,25.461280822753906,43.59397888183594,56.22798538208008
2018-09-26,92.55613708496094,25.01298713684082,42.73383331298828,55.417179107666016
2018-09-27,92.15376281738281,24.85525894165039,42.46051025390625,55.799617767333984
2018-09-28,90.80187225341797,24.456771850585938,42.25151062011719,54.87409210205078
2018-10-01,91.33300018310547,24.6145076751709,42.0023078918457,55.01943588256836
2018-10-02,91.71121215820312,24.556398391723633,41.905853271484375,54.91999435424805
2018-10-03,92.57221984863281,24.905065536499023,42.323856353759766,55.34833908081055
2018-10-04,93.40685272216797,25.26203727722168,43.01519012451172,55.54722595214844
2018-10-05,92.8801498413086,25.096006393432617,42.75794219970703,55.39423370361328
2018-10-08,93.4473876953125,25.129215240478516,43.14381408691406,55.524269104003906
2018-10-09,92.79911041259766,24.88846206665039,43.03126907348633,54.988834381103516
2018-10-10,90.32760620117188,24.274139404296875,42.14700698852539,53.50492477416992
2018-10-11,87.62112426757812,23.54359245300293,41.35116958618164,52.30403137207031
2018-10-12,86.6649169921875,23.62660026550293,41.889774322509766,53.42079162597656
2018-10-15,86.17060089111328,23.178314208984375,42.798152923583984,52.93889617919922
2018-10-16,88.0181884765625,23.68471908569336,43.192047119140625,53.32135009765625
2018-10-17,88.99867248535156,23.991880416870117,43.778873443603516,53.42079162597656
2018-10-18,87.58868408203125,23.4522762298584,42.68559646606445,52.48762130737305
2018-10-19,87.44282531738281,23.510387420654297,42.516788482666016,52.671173095703125
2018-10-22,86.18682098388672,22.73002815246582,41.519996643066406,50.934844970703125
2018-10-23,85.28736114501953,22.431163787841797,41.4476432800293,50.277042388916016
2018-10-24,83.69910430908203,21.74212646484375,40.34633255004883,48.80077362060547
2018-10-25,84.97132873535156,22.074190139770508,41.688804626464844,49.69571304321289
2018-10-26,83.80443572998047,21.90815544128418,41.19843673706055,49.11438751220703
2018-10-29,84.96321105957031,22.09079360961914,41.986236572265625,49.221473693847656
2018-10-30,86.46234130859375,22.2319278717041,42.356021881103516,49.359153747558594
2018-10-31,88.34228515625,22.82964515686035,42.79010772705078,50.07051467895508
2018-11-01,88.30988311767578,23.086997985839844,43.05537414550781,50.35353088378906
2018-11-02,87.82368469238281,23.153413772583008,43.09557342529297,50.76942443847656
2018-11-05,88.39901733398438,23.294536590576172,43.13577651977539,51.83226013183594
2018-11-06,88.8122787475586,23.419065475463867,43.04734802246094,51.3547477722168
2018-11-07,90.33570861816406,23.693021774291992,43.07146072387695,52.571624755859375
2018-11-08,91.06499481201172,23.966976165771484,43.07956314086914,52.201934814453125
2018-11-09,90.1817626953125,23.676414489746094,42.98231506347656,50.64619445800781
2018-11-12,88.28557586669922,23.037185668945312,42.42316818237305,49.452430725097656
2018-11-13,88.80419158935547,23.045490264892578,42.73921585083008,49.891422271728516
2018-11-14,86.97283935546875,22.588890075683594,42.26109313964844,48.905609130859375
2018-11-15,89.19314575195312,23.161714553833008,42.80403518676758,49.752803802490234
2018-11-16,89.12832641601562,23.037185668945312,42.90127944946289,50.02234649658203
2018-11-19,89.80899810791016,23.037185668945312,43.20922088623047,49.76821517944336
2018-11-20,87.88041687011719,22.73002815246582,42.57714080810547,48.15855026245117
2018-11-21,87.22404479980469,22.638708114624023,42.48799514770508,48.420413970947266
2018-11-23,86.42182159423828,22.389650344848633,42.001773834228516,47.55782699584961
2018-11-26,88.53677368164062,22.879451751708984,42.852657318115234,49.0827522277832
2018-11-27,88.90955352783203,23.028888702392578,43.103878021240234,48.874813079833984
2018-11-28,89.89814758300781,23.601701736450195,44.04391098022461,50.507568359375
2018-11-29,89.18504333496094,23.277938842773438,43.79269027709961,49.98385238647461
2018-11-30,90.1007308959961,23.576799392700195,43.987178802490234,49.899131774902344
2018-12-03,90.95156860351562,23.693021774291992,43.95477294921875,50.184104919433594
2018-12-04,86.89180755615234,22.406259536743164,41.961246490478516,47.95060348510742
2018-12-06,85.23873901367188,21.938764572143555,41.40208435058594,46.25625228881836
2018-12-07,83.69910430908203,21.22917938232422,40.729469299316406,44.93925857543945
2018-12-10,82.13516235351562,20.66985511779785,39.54633331298828,43.95343017578125
2018-12-11,81.33293914794922,20.519590377807617,38.70353698730469,43.29879379272461
2018-12-12,81.85963439941406,20.469499588012695,38.687339782714844,43.11396026611328
2018-12-13,81.94070434570312,20.369321823120117,38.11196517944336,42.95222854614258
2018-12-14,81.26810455322266,20.43610954284668,37.71487808227539,42.37459945678711
2018-12-17,80.23087310791016,20.427762985229492,37.77161407470703,41.78157043457031
2018-12-18,79.85004425048828,20.427762985229492,37.698673248291016,41.535118103027344
2018-12-19,78.83709716796875,20.185672760009766,37.00984191894531,40.68022918701172
2018-12-20,78.15641784667969,20.127233505249023,37.309696197509766,40.256649017333984
2018-12-21,76.30888366699219,19.509475708007812,36.564144134521484,38.69319152832031
2018-12-24,74.66389465332031,18.975194931030273,35.33238220214844,37.93844223022461
2018-12-26,77.75934600830078,20.127233505249023,36.94501876831055,39.61739730834961
2018-12-27,78.634521484375,20.344282150268555,36.89640808105469,39.87154769897461
2018-12-28,78.46434020996094,20.360979080200195,37.0989990234375,39.91776657104492
2018-12-31,79.10450744628906,20.56967544555664,37.34210968017578,40.09490203857422
2019-01-02,80.4739761352539,20.836814880371094,38.03903579711914,41.22704315185547
2019-01-03,79.33029174804688,20.502891540527344,37.73918914794922,40.47999954223633
2019-01-04,82.2548599243164,21.354398727416992,38.85749816894531,42.459320068359375
2019-01-07,82.31202697753906,21.337705612182617,38.606292724609375,42.82899475097656
2019-01-08,82.15680694580078,21.29596710205078,38.52526092529297,42.713478088378906
2019-01-09,82.01795959472656,21.50466537475586,38.735958099365234,43.42201614379883
2019-01-10,82.00975799560547,21.479618072509766,38.6954460144043,43.46824264526367
2019-01-11,81.61764526367188,21.73006820678711,38.79267501831055,43.66077423095703
2019-01-14,82.45909118652344,22.013896942138672,39.23838424682617,45.385955810546875
2019-01-15,83.0635986328125,22.164165496826172,38.6306037902832,47.27286911010742
2019-01-16,83.73345947265625,23.75029754638672,39.65978240966797,47.89669418334961
2019-01-17,84.07654571533203,24.201095581054688,39.8947868347168,48.11235046386719
2019-01-18,85.4408187866211,24.459884643554688,40.52688217163086,48.61294937133789
2019-01-22,84.09291076660156,24.284578323364258,40.40532684326172,47.63483428955078
2019-01-23,83.88048553466797,24.142662048339844,40.61602783203125,47.850502014160156
2019-01-24,83.92949676513672,24.276229858398438,40.5025749206543,48.29718017578125
2019-01-25,84.46051025390625,24.693634033203125,40.624122619628906,49.30611038208008
2019-01-28,84.86079406738281,24.735374450683594,40.37290954589844,49.175174713134766
2019-01-29,85.09768676757812,24.535017013549805,40.39722442626953,48.68226623535156
2019-01-30,85.29376220703125,24.26787757873535,40.59172058105469,49.46013259887695
2019-01-31,84.55036926269531,23.766992568969727,39.99477767944336,49.64497756958008
2019-02-01,84.86079406738281,23.691862106323242,39.99477767944336,49.38127517700195
2019-02-04,85.1630630493164,24.10926628112793,40.11743927001953,49.683746337890625
2019-02-05,84.78729248046875,24.025787353515625,40.28915786743164,49.489871978759766
2019-02-06,84.74642181396484,23.98404884338379,40.24827194213867,49.551902770996094
2019-02-07,83.63543701171875,23.574989318847656,39.316062927246094,48.71427917480469
2019-02-08,82.80218505859375,23.616731643676758,38.964454650878906,48.09381103515625
2019-02-11,82.4100570678711,23.71690559387207,38.964454650878906,47.7835807800293
2019-02-12,83.8151626586914,23.950653076171875,40.10926055908203,48.6057014465332
2019-02-13,84.2154312133789,23.958999633789062,40.0847282409668,48.89266586303711
2019-02-14,83.6681137084961,23.70020866394043,39.67586135864258,48.41178894042969
2019-02-15,86.22504425048828,24.301271438598633,40.24827194213867,49.84662628173828
2019-02-19,85.92276763916016,24.317968368530273,40.379093170166016,49.93193817138672
2019-02-20,86.33940124511719,24.551712036132812,40.73073959350586,50.13359451293945
2019-02-21,86.1596908569336,24.451539993286133,40.52629852294922,49.885406494140625
2019-02-22,85.7757339477539,24.276229858398438,40.0847282409668,49.74580001831055
2019-02-25,86.67434692382812,24.434846878051758,40.608070373535156,50.04827117919922
2019-02-26,86.01263427734375,24.451539993286133,40.55082702636719,49.730289459228516
2019-02-27,85.90645599365234,24.651893615722656,40.804325103759766,49.947452545166016
2019-02-28,85.25289916992188,24.400171279907227,40.796146392822266,49.621707916259766
2019-03-01,85.31008911132812,24.593154907226562,40.91062927246094,50.001747131347656
2019-03-04,85.1140365600586,24.35821533203125,40.976043701171875,49.443328857421875
2019-03-05,85.04869079589844,24.400171279907227,40.796146392822266,48.80735778808594
2019-03-06,84.73009490966797,24.198795318603516,40.738895416259766,48.48160171508789
2019-03-07,84.11741638183594,23.955463409423828,40.624427795410156,48.00850296020508
2019-03-08,84.15008544921875,24.039369583129883,40.72254943847656,48.13258361816406
2019-03-11,85.24475860595703,24.28270149230957,40.689842224121094,48.32649612426758
2019-03-12,84.99150085449219,24.28270149230957,40.59989547729492,48.71427917480469
2019-03-13,85.27740478515625,24.576377868652344,40.82067108154297,49.365760803222656
2019-03-14,86.0534896850586,24.719013214111328,41.172306060791016,49.7225341796875
2019-03-15,87.04195404052734,24.58476448059082,41.42578887939453,50.56016540527344
2019-03-18,87.56477355957031,25.021081924438477,42.30074691772461,51.134098052978516
2019-03-19,87.24617004394531,24.878440856933594,42.039085388183594,50.90140914916992
2019-03-20,85.38361358642578,24.030977249145508,41.213191986083984,49.86989212036133
2019-03-21,84.03573608398438,23.645008087158203,40.77161407470703,49.567413330078125
2019-03-22,81.4951171875,22.663297653198242,39.50414276123047,47.29495620727539
2019-03-25,80.81710052490234,22.520652770996094,39.316062927246094,46.79083251953125
2019-03-26,81.62581634521484,22.83110237121582,40.076541900634766,47.481101989746094
2019-03-27,81.34809112548828,22.680078506469727,39.88029861450195,47.10106658935547
2019-03-28,82.27118682861328,22.93180274963379,40.14195251464844,48.0705451965332
2019-03-29,82.69599151611328,23.14995574951172,39.51231002807617,48.256690979003906
2019-04-01,85.48164367675781,23.94707489013672,39.91299819946289,49.91643524169922
2019-04-02,85.89009857177734,24.223966598510742,39.42236328125,49.96296310424805
2019-04-03,86.06165313720703,24.198795318603516,39.95389938354492,50.45932388305664
2019-04-04,86.8930435180664,24.458906173706055,40.2073860168457,51.04877853393555
2019-04-05,86.68726348876953,24.400171279907227,39.88847351074219,50.83938217163086
2019-04-08,86.9671401977539,24.475692749023438,39.97024917602539,51.24267578125
2019-04-09,86.32508087158203,24.240751266479492,39.36512756347656,50.56791687011719
2019-04-10,86.71195983886719,24.39177703857422,39.078922271728516,50.816104888916016
2019-04-11,87.44458770751953,24.39177703857422,39.03805160522461,51.11858367919922
2019-04-12,91.54393005371094,25.314762115478516,38.015892028808594,52.28971481323242
2019-04-15,90.49850463867188,25.037866592407227,38.24485397338867,52.25869369506836
2019-04-16,91.453369140625,25.07142448425293,38.964454650878906,53.75555419921875
2019-04-17,94.08750915527344,25.197288513183594,38.88267517089844,54.56216812133789
2019-04-18,93.39603424072266,25.197288513183594,38.90720748901367,54.03477096557617
2019-04-22,93.51127624511719,25.21407127380371,38.645538330078125,53.584938049316406
2019-04-23,93.62652587890625,25.230852127075195,38.719120025634766,53.67024612426758
2019-04-24,93.4701156616211,25.18889617919922,38.825439453125,53.383277893066406
2019-04-25,93.51950073242188,25.239242553710938,38.84996795654297,53.30571746826172
2019-04-26,94.22742462158203,25.465789794921875,39.217952728271484,53.91067123413086
2019-04-29,95.58563995361328,25.81820297241211,39.471431732177734,55.08955001831055
2019-04-30,95.52803039550781,25.658775329589844,39.58591842651367,54.83361053466797
2019-05-01,94.79540252685547,25.39027214050293,39.438720703125,54.25967788696289
2019-05-02,95.00120544433594,25.591651916503906,39.495967864990234,54.56992721557617
2019-05-03,95.58563995361328,25.767852783203125,39.78215789794922,55.16315841674805
2019-05-06,94.73778533935547,25.56647491455078,39.602272033691406,54.960208892822266
2019-05-07,93.19022369384766,25.104991912841797,38.57192611694336,53.20390701293945
2019-05-08,92.69635009765625,25.004301071166992,38.432918548583984,53.25075149536133
2019-05-09,92.62223052978516,24.928789138793945,38.58979034423828,52.79021453857422
2019-05-10,92.6140365600586,24.8197078704834,38.92831039428711,53.0009651184082
2019-05-13,90.09516143798828,23.703744888305664,38.25129318237305,50.25334167480469
2019-05-14,90.8113021850586,24.014198303222656,38.383399963378906,50.940250396728516
2019-05-15,90.46556854248047,23.737306594848633,37.846736907958984,50.63582992553711
2019-05-16,91.626220703125,23.98902702331543,37.896270751953125,51.50226593017578
2019-05-17,91.18174743652344,23.829605102539062,37.73115158081055,50.79194259643555
2019-05-20,91.65914916992188,23.829605102539062,37.52473449707031,50.70607376098633
2019-05-21,91.97196197509766,24.072933197021484,38.25129318237305,51.580326080322266
2019-05-22,91.2228775024414,23.90511703491211,38.061405181884766,50.471920013427734
2019-05-23,89.42839813232422,23.292600631713867,37.615562438964844,49.87866973876953
2019-05-24,90.30918884277344,23.645008087158203,38.11919403076172,50.26115036010742
2019-05-28,89.3296127319336,23.41006851196289,37.64033508300781,49.792808532714844
2019-05-29,89.08267974853516,23.28420639038086,37.54951095581055,49.73036575317383
2019-05-30,88.1277847290039,22.78915023803711,37.194488525390625,49.65230941772461
2019-05-31,87.22232055664062,22.319276809692383,36.63306427001953,48.512672424316406
2019-06-03,87.63389587402344,22.386404037475586,36.75690841674805,48.87173080444336
2019-06-04,90.33389282226562,23.426849365234375,37.714637756347656,51.42420959472656
2019-06-05,90.65492248535156,23.418458938598633,37.863243103027344,51.34614944458008
2019-06-06,90.85247039794922,23.519691467285156,37.91278076171875,51.88475799560547
2019-06-07,89.8564453125,23.224430084228516,37.673370361328125,51.275901794433594
2019-06-10,90.8277587890625,23.679981231689453,38.201759338378906,52.392127990722656
2019-06-11,91.10765838623047,23.823389053344727,38.19350051879883,52.9853515625
2019-06-12,89.9469985961914,23.5787410736084,37.07890319824219,52.15013885498047
2019-06-13,90.16921997070312,23.570308685302734,37.39263916015625,52.36090087890625
2019-06-14,90.39974212646484,23.6546688079834,37.64033508300781,52.67312240600586
2019-06-17,89.90582275390625,23.561874389648438,37.37613296508789,51.939388275146484
2019-06-18,91.1323471069336,24.14396095275879,38.061405181884766,53.06341552734375
2019-06-19,90.47380828857422,23.890878677368164,37.68986129760742,52.75898742675781
2019-06-20,90.70429229736328,23.848697662353516,37.863243103027344,53.15707015991211
2019-06-21,90.0869369506836,23.722158432006836,38.71363830566406,53.055606842041016
2019-06-24,89.44486999511719,23.60405158996582,38.201759338378906,52.61848068237305
2019-06-25,88.70402526855469,23.418458938598633,38.094425201416016,51.939388275146484
2019-06-26,89.29669189453125,23.545000076293945,37.81370162963867,52.47016906738281
2019-06-27,89.59302520751953,23.79808807373047,38.218265533447266,53.19611358642578
2019-06-28,92.02958679199219,24.464529037475586,39.06866455078125,54.66358184814453
2019-07-01,93.57714080810547,24.818843841552734,39.374141693115234,55.217803955078125
2019-07-02,93.67591857910156,24.59107208251953,38.994346618652344,54.98362350463867
2019-07-03,93.52670288085938,24.506711959838867,39.34938049316406,55.30364990234375
2019-07-05,94.08212280273438,24.683862686157227,39.4401969909668,55.732975006103516
2019-07-08,93.5681381225586,24.633251190185547,39.242042541503906,55.5222282409668
2019-07-09,93.96607971191406,24.759794235229492,39.489723205566406,55.857872009277344
2019-07-10,93.69249725341797,24.481403350830078,38.92831039428711,55.5222282409668
2019-07-11,94.5877914428711,24.768230438232422,38.9200439453125,55.89689636230469
2019-07-12,95.58258819580078,24.84415054321289,39.101688385009766,56.021785736083984
2019-07-15,94.42201232910156,24.650121688842773,38.565025329589844,55.97494888305664
2019-07-16,95.4333724975586,24.45609474182129,37.40089416503906,55.6705322265625
2019-07-17,94.49659729003906,24.624807357788086,37.32658767700195,55.28022384643555
2019-07-18,95.06031036376953,24.869457244873047,37.83021926879883,56.03741455078125
2019-07-19,94.12357330322266,24.80196762084961,38.003604888916016,55.35829162597656
2019-07-22,94.72871398925781,24.94538116455078,38.3751335144043,55.506622314453125
2019-07-23,96.46133422851562,25.519033432006836,38.96958541870117,56.193511962890625
2019-07-24,96.85094451904297,25.873348236083984,40.001609802246094,56.98970031738281
2019-07-25,95.92247772216797,25.594959259033203,39.70440673828125,55.725154876708984
2019-07-26,96.34525299072266,25.95770835876465,40.70340347290039,56.32621765136719
2019-07-29,96.03852844238281,25.746809005737305,39.861263275146484,56.01397705078125
2019-07-30,95.82299041748047,26.058940887451172,40.08418273925781,55.97494888305664
2019-07-31,96.16287994384766,25.881778717041016,39.968597412109375,55.54564666748047
2019-08-01,93.62617492675781,24.877897262573242,38.85399627685547,53.35222625732422
2019-08-02,93.61788177490234,24.78510093688965,39.1677360534668,53.171348571777344
2019-08-05,90.83248138427734,23.688411712646484,38.094425201416016,51.26029586791992
2019-08-06,91.54541015625,23.975236892700195,38.746665954589844,52.1017951965332
2019-08-07,89.55582427978516,23.52812957763672,37.82196044921875,51.22882843017578
2019-08-08,91.0728988647461,23.941492080688477,38.74037170410156,52.48714065551758
2019-08-09,90.97342681884766,23.899314880371094,38.65687942504883,51.94449996948242
2019-08-12,89.26570129394531,23.317222595214844,37.93050765991211,50.52103805541992
2019-08-13,90.64180755615234,23.384714126586914,38.373008728027344,50.98503875732422
2019-08-14,86.8781967163086,22.28803062438965,36.711524963378906,48.29540252685547
2019-08-15,87.20979309082031,22.144617080688477,36.21891403198242,48.22462463378906
2019-08-16,89.2988510131836,22.802627563476562,37.06218338012695,49.92333984375
2019-08-19,90.10295104980469,23.005090713500977,37.780216217041016,50.57607650756836
2019-08-20,88.95894622802734,22.541109085083008,37.30430603027344,49.87615966796875
2019-08-21,89.2076644897461,22.71826171875,37.57148361206055,49.742454528808594
2019-08-22,90.12784576416016,22.937606811523438,38.08913803100586,50.26150894165039
2019-08-23,87.88956451416016,22.330209732055664,37.08723068237305,48.72007751464844
2019-08-26,88.59423828125,22.591726303100586,37.554786682128906,49.32564163208008
2019-08-27,87.6574478149414,22.330209732055664,37.36275863647461,48.49201583862305
2019-08-28,88.53616333007812,22.650779724121094,37.96391296386719,49.042518615722656
2019-08-29,90.54232025146484,23.055709838867188,38.565040588378906,50.25364303588867
2019-08-30,91.0728988647461,23.207557678222656,38.88230895996094,50.607547760009766
2019-09-03,89.99517822265625,22.819499969482422,38.48154830932617,49.87615966796875
2019-09-04,91.08119201660156,23.19068145751953,38.823875427246094,50.552486419677734
2019-09-05,93.1536636352539,23.878509521484375,39.75898361206055,52.172550201416016
2019-09-06,93.35259246826172,23.547334671020508,39.3665771484375,51.88157272338867
2019-09-09,95.66551971435547,24.31158447265625,40.4185791015625,54.09934997558594
2019-09-10,96.88410186767578,24.92298126220703,40.335086822509766,54.24877166748047
2019-09-11,97.14937591552734,25.016382217407227,40.78593826293945,54.18586349487305
2019-09-12,97.74626922607422,25.194717407226562,40.61895751953125,54.500423431396484
2019-09-13,99.66952514648438,25.61929702758789,40.84437942504883,55.35765075683594
2019-09-16,98.78250122070312,25.5853328704834,40.894474029541016,54.9172477722168
2019-09-17,98.29339599609375,25.423988342285156,40.710792541503906,54.64200210571289
2019-09-18,99.27989196777344,25.47493553161621,40.85273742675781,55.1217155456543
2019-09-19,98.96488189697266,25.322086334228516,40.836021423339844,54.83860397338867
2019-09-20,98.56694793701172,25.126781463623047,40.602264404296875,54.53975296020508
2019-09-23,98.55036926269531,25.06734275817871,40.877777099609375,54.6970329284668
2019-09-24,97.26542663574219,24.57482147216797,40.61895751953125,53.399410247802734
2019-09-25,97.82086944580078,24.83806610107422,41.12826919555664,54.5633430480957
2019-09-26,97.01675415039062,24.736160278320312,40.802635192871094,54.351016998291016
2019-09-27,97.5887451171875,24.92298126220703,42.33889389038086,54.62626266479492
2019-09-30,97.56388854980469,24.770132064819336,42.11347198486328,54.3274040222168
2019-10-01,95.78983306884766,24.15024185180664,40.96126937866211,53.59602737426758
2019-10-02,93.8831558227539,23.640743255615234,40.468666076660156,52.10966110229492
2019-10-03,93.74946594238281,23.615266799926758,40.477020263671875,52.45567321777344
2019-10-04,95.78004455566406,24.090801239013672,41.08649826049805,53.61961364746094
2019-10-07,95.57112884521484,24.03985023498535,40.752540588378906,53.59602737426758
2019-10-08,93.44026947021484,23.462413787841797,39.92595672607422,52.219757080078125
2019-10-09,94.11714172363281,23.68320083618164,40.20149230957031,53.02980041503906
2019-10-10,95.43743896484375,24.158733367919922,40.61895751953125,53.96566390991211
2019-10-11,97.05020904541016,24.54935073852539,41.08649826049805,55.12958526611328
2019-10-14,97.30924987792969,24.744651794433594,41.13660430908203,55.23969268798828
2019-10-15,100.2423095703125,25.24566650390625,41.83793640136719,56.01041030883789
2019-10-16,100.00833129882812,25.61929702758789,41.40378189086914,54.65772247314453
2019-10-17,100.56819915771484,25.695722579956055,41.42048263549805,54.736366271972656
2019-10-18,100.7436752319336,25.772144317626953,41.721046447753906,54.846458435058594
2019-10-21,103.24223327636719,26.34108543395996,42.130165100097656,56.47441101074219
2019-10-22,104.27841186523438,26.493934631347656,42.26374053955078,56.67100524902344
2019-10-23,104.55416870117188,26.680753707885742,42.52257537841797,56.977718353271484
2019-10-24,104.47897338867188,26.629804611206055,42.66451644897461,56.859764099121094
2019-10-25,105.31458282470703,26.935497283935547,43.05692672729492,57.54397201538086
2019-10-28,105.71571350097656,27.03740119934082,43.12372970581055,57.87425994873047
2019-10-29,105.64884948730469,27.232707977294922,43.55787658691406,57.481056213378906
2019-10-30,105.06390380859375,26.850584030151367,43.44099044799805,57.38666534423828
2019-10-31,104.3870620727539,26.553377151489258,43.107025146484375,56.513729095458984
2019-11-01,106.79368591308594,27.003435134887695,43.56623458862305,58.48595428466797
2019-11-04,107.6460189819336,27.5129337310791,44.017086029052734,59.5235710144043
2019-11-05,107.87999725341797,27.869577407836914,44.5013313293457,59.27011489868164
2019-11-06,108.0471420288086,27.84410858154297,44.91880798339844,58.945350646972656
2019-11-07,108.63207244873047,28.21773910522461,45.51727294921875,60.04632568359375
2019-11-08,108.94961547851562,28.243209838867188,45.6015625,60.291873931884766
2019-11-11,108.56519317626953,28.17528533935547,45.55941390991211,59.87999725341797
2019-11-12,107.93011474609375,28.098859786987305,45.70271682739258,59.4601936340332
2019-11-13,107.36190032958984,27.84410858154297,44.91880798339844,58.5413932800293
2019-11-14,107.4621810913086,27.767681121826172,45.08738708496094,58.48595428466797
2019-11-15,108.23931121826172,27.962987899780273,45.34869384765625,58.929534912109375
2019-11-18,109.15013122558594,27.98846435546875,45.51727294921875,58.929534912109375
2019-11-19,109.11673736572266,27.971479415893555,45.542564392089844,59.262176513671875
2019-11-20,108.32286071777344,27.75918960571289,45.12953186035156,58.5413932800293
2019-11-21,108.57353973388672,27.88656997680664,45.14638900756836,58.533477783203125
2019-11-22,109.2922134399414,28.17528533935547,45.753292083740234,59.30179214477539
2019-11-25,109.87714385986328,28.421541213989258,45.694278717041016,59.943359375
2019-11-26,110.02752685546875,28.31963348388672,45.35712432861328,59.76911926269531
2019-11-27,110.35346221923828,28.37908363342285,45.80387496948242,59.97503662109375
2019-11-29,110.10276794433594,28.29416847229004,45.90501022338867,59.49980163574219
2019-12-02,109.86042785644531,28.387575149536133,45.19697189331055,59.024574279785156
2019-12-03,108.44821166992188,27.88656997680664,44.320335388183594,58.082000732421875
2019-12-04,110.5874252319336,28.149810791015625,44.87665557861328,58.794864654541016
2019-12-05,111.18910217285156,28.252269744873047,44.86823654174805,59.175048828125
2019-12-06,112.8436279296875,28.747467041015625,45.82915115356445,60.04632568359375
2019-12-09,112.31719970703125,28.610864639282227,45.449832916259766,59.66611862182617
2019-12-10,112.39238739013672,28.627933502197266,45.25596618652344,60.02256774902344
2019-12-11,112.12498474121094,28.721851348876953,44.81766128540039,59.84041213989258
2019-12-12,115.33380126953125,29.60980987548828,45.820716857910156,61.028472900390625
2019-12-13,114.32272338867188,29.40489387512207,45.34025573730469,60.50572204589844
2019-12-16,114.76559448242188,29.626880645751953,45.70271682739258,60.9176025390625
2019-12-17,115.4675064086914,29.917171478271484,45.80387496948242,61.575008392333984
2019-12-18,115.35051727294922,29.976940155029297,45.23910903930664,61.71757888793945
2019-12-19,114.77393341064453,29.8403377532959,45.20539855957031,61.939369201660156
2019-12-20,114.68202209472656,29.8488712310791,44.9525146484375,62.184898376464844
2019-12-23,114.6485824584961,30.028169631958008,45.35712432861328,62.38292694091797
2019-12-24,114.96611022949219,30.070863723754883,45.36555480957031,62.248260498046875
2019-12-26,116.18614196777344,30.326997756958008,45.643707275390625,63.23045349121094
2019-12-27,116.26973724365234,30.181846618652344,45.449832916259766,63.10368728637695
2019-12-30,115.84354400634766,30.01109504699707,45.18010330200195,62.976951599121094
2019-12-31,116.48699188232422,30.070863723754883,45.34869384765625,63.27793884277344
2020-01-02,117.8991928100586,30.429452896118164,45.30653762817383,64.33931732177734
2020-01-03,116.34334564208984,29.79764175415039,45.028377532958984,63.12745666503906
2020-01-06,116.25086212158203,29.75494956970215,44.75864791870117,62.929420471191406
2020-01-07,114.27449035644531,29.558576583862305,44.38776779174805,62.38292694091797
2020-01-08,115.16596221923828,29.857402801513672,44.522640228271484,62.85814666748047
2020-01-09,115.58646392822266,29.90863800048828,44.446773529052734,63.428443908691406
2020-01-10,114.43431854248047,29.661039352416992,44.252899169921875,62.771026611328125
2020-01-13,115.38461303710938,29.934253692626953,43.924171447753906,63.879905700683594
2020-01-14,116.73021697998047,30.15623664855957,41.55558395385742,64.8779067993164
2020-01-15,114.98095703125,29.60126495361328,40.72952651977539,64.34722900390625
2020-01-16,115.42665100097656,29.64395523071289,41.51343536376953,64.15715789794922
2020-01-17,116.22562408447266,29.635419845581055,41.45443344116211,64.252197265625
2020-01-21,115.0818862915039,29.251209259033203,41.25213623046875,63.285858154296875
2020-01-22,114.94730377197266,29.336585998535156,40.93183135986328,63.444297790527344
2020-01-23,114.82953643798828,29.131677627563477,40.645233154296875,63.206668853759766
2020-01-24,111.97856903076172,28.636470794677734,40.09734344482422,62.11361312866211
2020-01-27,111.03668212890625,28.047351837158203,39.701175689697266,60.75919723510742
2020-01-28,113.0550765991211,28.38033676147461,39.928768157958984,61.1789665222168
2020-01-29,112.88684844970703,28.1839599609375,39.84447479248047,60.57699966430664
2020-01-30,114.28292083740234,28.585247039794922,40.383941650390625,61.32947540283203
2020-01-31,111.314208984375,28.030275344848633,39.56631088256836,59.32822036743164
2020-02-03,112.16361999511719,28.149810791015625,39.71803283691406,59.902278900146484
2020-02-04,113.77828216552734,28.704776763916016,39.83604049682617,60.99458312988281
2020-02-05,115.71263122558594,29.635419845581055,40.721099853515625,62.86827850341797
2020-02-06,115.72942352294922,29.60126495361328,40.87444305419922,62.96396255493164
2020-02-07,115.3593978881836,29.550045013427734,40.75516891479492,62.7407112121582
2020-02-10,115.83876037597656,29.61834144592285,40.69554901123047,62.57329559326172
2020-02-11,116.05744171142578,29.686643600463867,40.88296127319336,63.05963897705078
2020-02-12,116.05744171142578,29.814716339111328,40.71258544921875,63.25100326538086
2020-02-13,115.9565200805664,29.806182861328125,40.99371337890625,62.987857818603516
2020-02-14,115.60328674316406,29.75494956970215,41.078895568847656,62.820438385009766
2020-02-18,114.0726547241211,29.259742736816406,40.03105545043945,61.855690002441406
2020-02-19,115.62852478027344,29.64395523071289,40.116249084472656,62.23041534423828
2020-02-20,115.62852478027344,29.75494956970215,40.329219818115234,62.365970611572266
2020-02-21,114.21564483642578,29.336585998535156,40.63591003417969,60.9467658996582
2020-02-24,111.14600372314453,27.94488525390625,39.51991653442383,57.829254150390625
2020-02-25,106.18412780761719,26.5361270904541,38.43798828125,55.35757064819336
2020-02-26,106.50369262695312,26.15191650390625,37.603118896484375,54.360939025878906
2020-02-27,102.0716552734375,24.871212005615234,36.1804313659668,51.38695526123047
2020-02-28,97.64801788330078,24.333316802978516,34.80036163330078,50.597599029541016
2020-03-02,102.19779968261719,25.076126098632812,36.00153732299805,53.89051818847656
2020-03-03,98.36286163330078,23.69296646118164,34.527748107910156,51.865352630615234
2020-03-04,100.79332733154297,24.239395141601562,35.26890563964844,53.73105239868164
2020-03-05,95.84829711914062,23.01067543029785,33.139137268066406,50.62152099609375
2020-03-06,90.89482116699219,22.091276168823242,31.59718894958496,48.85945510864258
2020-03-09,78.5826416015625,18.843318939208984,27.669902801513672,40.95808029174805
2020-03-10,84.68828582763672,20.28685760498047,29.884855270385742,44.31476974487305
2020-03-11,80.70195770263672,19.479162216186523,27.5421199798584,40.49563980102539
2020-03-12,74.04969024658203,17.623184204101562,23.171838760375977,34.491844177246094
2020-03-13,87.38787078857422,20.759445190429688,26.315366744995117,40.6949577331543
2020-03-16,74.31039428710938,17.563037872314453,22.575504302978516,32.84139633178711
2020-03-17,78.85176086425781,18.886281967163086,25.241971969604492,32.0919303894043
2020-03-18,70.5511245727539,17.863779067993164,23.95559310913086,29.04619598388672
2020-03-19,71.73694610595703,18.216068267822266,24.100418090820312,31.605566024780273
2020-03-20,70.22317504882812,16.901418685913086,22.575504302978516,30.345813751220703
2020-03-23,66.46387481689453,15.535212516784668,21.51062774658203,28.216978073120117
2020-03-24,74.36924743652344,18.06999397277832,24.637117385864258,32.41883087158203
2020-03-25,77.1445541381836,18.13014030456543,24.67970848083496,33.375606536865234
2020-03-26,82.51850128173828,19.522127151489258,26.323888778686523,36.69242858886719
2020-03-27,76.63996887207031,18.55976676940918,25.79570960998535,34.922401428222656
2020-03-30,78.63310241699219,18.93783187866211,25.48902130126953,35.14564514160156
2020-03-31,75.71484375,18.241844177246094,24.449697494506836,33.582908630371094
2020-04-01,70.94640350341797,16.98734474182129,22.63513946533203,30.70460319519043
2020-04-02,73.59555053710938,17.67474365234375,23.18887710571289,31.278671264648438
2020-04-03,71.42021179199219,17.210750579833984,22.34549331665039,29.891338348388672
2020-04-06,76.01729583740234,18.37932586669922,24.390064239501953,32.78559494018555
2020-04-07,77.01998138427734,19.02375602722168,24.50932502746582,32.88924026489258
2020-04-08,80.13002014160156,20.14937973022461,25.79570960998535,35.28915786743164
2020-04-09,87.31877899169922,21.360918045043945,28.28326988220215,37.80070114135742
2020-04-13,83.43547821044922,20.553224563598633,26.77539825439453,37.21866226196289
2020-04-14,81.14969635009766,20.38996696472168,25.71051597595215,36.21404266357422
2020-04-15,77.14745330810547,19.066720962524414,24.22820281982422,34.172908782958984
2020-04-16,74.20735168457031,18.405101776123047,22.907747268676758,32.30720520019531
2020-04-17,80.87776947021484,20.003307342529297,24.177085876464844,36.23796463012695
2020-04-20,77.92918395996094,19.33308982849121,23.58075523376465,35.08982849121094
2020-04-21,75.66891479492188,18.594135284423828,22.86515235900879,33.144386291503906
2020-04-22,75.91531372070312,18.731616973876953,22.83107566833496,33.678592681884766
2020-04-23,75.95781707763672,18.79176902770996,22.60106086730957,33.85399627685547
2020-04-24,77.07945251464844,19.058134078979492,22.933307647705078,34.36427307128906
2020-04-27,80.40193176269531,20.16655731201172,24.202648162841797,37.12299728393555
2020-04-28,80.97126007080078,20.527442932128906,24.594526290893555,37.6412467956543
2020-04-29,83.15506744384766,21.292177200317383,25.557172775268555,40.07305908203125
2020-04-30,81.37062072753906,20.664918899536133,24.747865676879883,38.71761703491211
2020-05-01,79.23778533935547,19.83145523071289,23.50408363342285,36.67899703979492
2020-05-04,78.29458618164062,19.70256805419922,23.29962158203125,36.356685638427734
2020-05-05,78.17560577392578,19.47056770324707,22.422161102294922,35.41392517089844
2020-05-06,76.70558166503906,19.20420265197754,21.817306518554688,34.608150482177734
2020-05-07,77.50432586669922,19.625234603881836,21.930299758911133,35.96991729736328
2020-05-08,78.77042388916016,20.252483367919922,22.104143142700195,37.32362365722656
2020-05-11,76.4506607055664,19.401832580566406,21.539161682128906,35.510616302490234
2020-05-12,73.95242309570312,18.79176902770996,20.89594078063965,34.12468338012695
2020-05-13,71.40322875976562,17.932518005371094,19.58342933654785,32.714569091796875
2020-05-14,74.36880493164062,18.654281616210938,20.9133243560791,33.89101028442383
2020-05-15,72.99224090576172,18.422286987304688,20.30487823486328,33.77819061279297
2020-05-18,76.85855102539062,19.70256805419922,22.086767196655273,36.79986572265625
2020-05-19,75.34599304199219,19.083908081054688,20.817712783813477,35.80070495605469
2020-05-20,77.60628509521484,19.685386657714844,21.313161849975586,36.63871383666992
2020-05-21,76.62059783935547,19.676788330078125,21.261009216308594,36.260005950927734
2020-05-22,76.02578735351562,19.47056770324707,21.00893783569336,35.534793853759766
2020-05-26,81.42160034179688,20.862548828125,22.825599670410156,38.81430435180664
2020-05-27,86.13763427734375,22.323278427124023,24.294567108154297,42.10993957519531
2020-05-28,84.85453033447266,21.360918045043945,23.66004753112793,39.612030029296875
2020-05-29,82.6877212524414,20.725072860717773,23.008132934570312,38.60479736328125
2020-06-01,83.78388214111328,21.146106719970703,23.54704475402832,39.84571075439453
2020-06-02,84.06427764892578,21.343730926513672,23.816505432128906,40.965736389160156
2020-06-03,88.60186004638672,22.331871032714844,25.05948829650879,42.98017883300781
2020-06-04,90.44580078125,23.17115020751953,26.267688751220703,44.84152603149414
2020-06-05,94.51600646972656,24.32192039489746,27.528053283691406,47.42806625366211
2020-06-08,96.40242767333984,24.693979263305664,28.96225929260254,49.345821380615234
2020-06-09,93.92971801757812,24.41710090637207,28.362499237060547,47.94376754760742
2020-06-10,90.12287902832031,23.015405654907227,25.82439422607422,45.010746002197266
2020-06-11,82.60272979736328,20.705217361450195,23.286285400390625,38.9915771484375
2020-06-12,84.86302947998047,21.440673828125,24.31195640563965,42.10188674926758
2020-06-15,86.0356674194336,21.76080894470215,24.520572662353516,42.69010925292969
2020-06-16,86.72396087646484,22.323217391967773,24.790029525756836,43.874595642089844
2020-06-17,84.5316390991211,21.631023406982422,23.859970092773438,42.70621109008789
2020-06-18,84.0727767944336,21.66563606262207,23.946882247924805,42.73844909667969
2020-06-19,83.1125717163086,21.84733772277832,23.99034881591797,42.64174270629883
2020-06-22,82.21185302734375,21.302234649658203,23.773040771484375,41.94878005981445
2020-06-23,83.21456146240234,21.449316024780273,23.66873550415039,42.66592788696289
2020-06-24,80.43592834472656,20.60138511657715,22.70391082763672,40.94156265258789
2020-06-25,83.24004364013672,21.388757705688477,23.79042625427246,42.448368072509766
2020-06-26,78.67694854736328,20.03032875061035,22.025917053222656,39.95045852661133
2020-06-29,79.02535247802734,20.237987518310547,22.338842391967773,40.522560119628906
2020-06-30,79.92605590820312,20.549470901489258,22.251916885375977,41.175235748291016
2020-07-01,79.24628448486328,20.125507354736328,21.808616638183594,40.5709114074707
2020-07-02,79.5036849975586,20.15146255493164,22.025917053222656,40.732059478759766
2020-07-06,81.51143646240234,20.471601486206055,22.15630340576172,41.87626266479492
2020-07-07,79.21195983886719,19.909196853637695,21.261009216308594,40.5467414855957
2020-07-08,80.05282592773438,19.9870662689209,21.3392391204834,40.99797439575195
2020-07-09,78.31962585449219,19.701534271240234,20.89594078063965,39.84571075439453
2020-07-10,82.60111999511719,20.7830867767334,22.1389217376709,42.4241943359375
2020-07-13,83.78518676757812,20.93017578125,22.086767196655273,42.06159210205078
2020-07-14,84.26567840576172,20.886920928955078,21.078479766845703,40.409759521484375
2020-07-15,85.56986236572266,21.284923553466797,22.03461456298828,41.771514892578125
2020-07-16,85.81012725830078,20.705217361450195,22.13022232055664,41.46531295776367
2020-07-17,84.22277069091797,20.090890884399414,21.68692970275879,40.466156005859375
2020-07-20,83.48487854003906,20.402381896972656,21.356626510620117,40.40167999267578
2020-07-21,85.29529571533203,21.129179000854492,22.773448944091797,41.68288040161133
2020-07-22,84.6775131225586,21.034008026123047,22.825599670410156,41.626468658447266
2020-07-23,84.92635345458984,21.233016967773438,22.90382957458496,41.964900970458984
2020-07-24,84.32572174072266,21.068618774414062,22.825599670410156,41.634525299072266
2020-07-27,83.14167022705078,20.886920928955078,22.15630340576172,41.32832717895508
2020-07-28,83.50204467773438,21.077272415161133,22.191072463989258,41.31222152709961
2020-07-29,85.52694702148438,21.864639282226562,22.40837860107422,42.319435119628906
2020-07-30,83.2446060180664,21.492586135864258,21.426162719726562,40.989906311035156
2020-07-31,82.91859436035156,21.527191162109375,21.087173461914062,40.70503234863281
2020-08-03,82.45526885986328,21.622373580932617,21.113243103027344,41.01432418823242
2020-08-04,81.98334503173828,21.63967514038086,21.05239486694336,40.81083297729492
2020-08-05,83.40765380859375,21.968467712402344,21.2088565826416,41.543392181396484
2020-08-06,83.43338012695312,22.037683486938477,21.156492233276367,41.421302795410156
2020-08-07,85.26954650878906,22.5914363861084,21.880905151367188,42.422447204589844
2020-08-10,86.35064697265625,22.980796813964844,21.55797004699707,43.02475357055664
2020-08-11,89.0791244506836,23.292285919189453,22.099102020263672,43.75728988647461
2020-08-12,88.32408142089844,23.127891540527344,21.98564338684082,43.423583984375
2020-08-13,87.83500671386719,22.799100875854492,21.83726692199707,43.049171447753906
2020-08-14,87.86932373046875,22.902929306030273,22.08165168762207,43.08173751831055
2020-08-17,85.5527114868164,22.409738540649414,21.35723304748535,41.85268020629883
2020-08-18,84.36003875732422,22.089603424072266,20.981929779052734,40.973628997802734
2020-08-19,84.55740356445312,22.06363868713379,21.00811767578125,40.93293380737305
2020-08-20,83.54495239257812,21.717546463012695,20.72882080078125,40.35504150390625
2020-08-21,83.50204467773438,21.613719940185547,20.632816314697266,40.127132415771484
2020-08-24,85.85298919677734,22.228038787841797,21.374691009521484,41.55966567993164
2020-08-25,86.23052215576172,22.496265411376953,21.479419708251953,42.039886474609375
2020-08-26,85.0207290649414,22.115556716918945,20.981929779052734,41.388729095458984
2020-08-27,87.81786346435547,22.53952980041504,21.461971282958984,42.09686279296875
2020-08-28,88.17822265625,22.755834579467773,21.549243927001953,42.552669525146484
2020-08-31,85.96454620361328,22.271299362182617,21.07794189453125,41.608497619628906
2020-09-01,85.92162322998047,22.245346069335938,20.990659713745117,41.673614501953125
2020-09-02,87.21724700927734,22.51357078552246,21.44451332092285,42.28407287597656
2020-09-03,86.94268035888672,22.35674285888672,21.40087127685547,41.917789459228516
2020-09-04,88.82173919677734,23.12346076965332,21.63652801513672,42.748008728027344
2020-09-08,85.73287963867188,22.199914932250977,20.920833587646484,41.543392181396484
2020-09-09,86.54800415039062,22.22605323791504,20.807374954223633,41.83639907836914
2020-09-10,85.65564727783203,21.9036808013916,20.903379440307617,41.47013854980469
2020-09-11,86.71958923339844,22.217334747314453,21.182674407958984,41.51082992553711
2020-09-14,87.92080688476562,22.435157775878906,21.65398406982422,39.19111251831055
2020-09-15,85.18373107910156,22.025659561157227,21.7150821685791,36.472564697265625
2020-09-16,85.54411315917969,22.304466247558594,22.439496994018555,37.45741653442383
2020-09-17,84.56596374511719,22.086647033691406,21.91582489013672,37.058589935302734
2020-09-18,84.38578033447266,21.964672088623047,21.93327522277832,36.51324462890625
2020-09-21,81.77742004394531,21.31992530822754,20.981929779052734,35.75629806518555
2020-09-22,80.88507080078125,20.8581600189209,20.641542434692383,35.235374450683594
2020-09-23,79.57232666015625,20.26569938659668,19.92585563659668,34.06330108642578
2020-09-24,79.5036849975586,20.33540153503418,20.353519439697266,34.34003829956055
2020-09-25,80.19868469238281,20.466087341308594,20.632816314697266,34.201663970947266
2020-09-28,82.50675201416016,20.988847732543945,20.789915084838867,35.27606201171875
2020-09-29,81.8117446899414,20.710046768188477,20.301156997680664,34.527244567871094
2020-09-30,82.60111999511719,20.988847732543945,20.519350051879883,35.0888557434082
2020-10-01,83.20172119140625,20.997560501098633,20.56298828125,35.357460021972656
2020-10-02,83.9911117553711,21.093402862548828,20.93828582763672,35.53652572631836
2020-10-05,85.76634979248047,21.450624465942383,21.33977508544922,36.55394744873047
2020-10-06,84.88306427001953,21.23280906677246,21.104124069213867,36.146976470947266
2020-10-07,86.36388397216797,21.677146911621094,21.65398406982422,36.496971130371094
2020-10-08,88.13914489746094,21.990806579589844,22.08165168762207,36.39930725097656
2020-10-09,87.63687133789062,22.095359802246094,22.08165168762207,36.57022476196289
2020-10-12,88.71068572998047,22.374168395996094,22.413307189941406,37.343475341796875
2020-10-13,87.27315521240234,21.738142013549805,21.592884063720703,35.55280685424805
2020-10-14,86.78821563720703,20.579355239868164,20.292423248291016,35.02373504638672
2020-10-15,88.0871810913086,21.041122436523438,20.030590057373047,35.49583053588867
2020-10-16,87.90531158447266,21.119537353515625,19.95203971862793,35.15398025512695
2020-10-19,86.42451477050781,20.66647720336914,19.672740936279297,34.917930603027344
2020-10-20,86.9181137084961,21.03241539001465,19.90839958190918,35.42257308959961
2020-10-21,86.0521240234375,20.953996658325195,19.81239128112793,35.00746154785156
2020-10-22,89.09170532226562,21.668441772460938,20.292423248291016,35.77256393432617
2020-10-23,89.8970718383789,21.694580078125,20.3186092376709,35.77256393432617
2020-10-26,87.67151641845703,21.38092041015625,19.81239128112793,35.210941314697266
2020-10-27,86.01750183105469,20.77974510192871,19.044334411621094,34.08771896362305
2020-10-28,83.60142517089844,20.44866180419922,18.485750198364258,33.47726058959961
2020-10-29,84.1469955444336,20.50965118408203,18.45083236694336,33.90864944458008
2020-10-30,84.90038299560547,20.649057388305664,18.721399307250977,34.131134033203125
2020-11-02,86.8141860961914,20.980138778686523,19.11415672302246,34.78211975097656
2020-11-03,89.55068969726562,21.511611938476562,19.27998924255371,35.869834899902344
2020-11-04,86.8141860961914,20.63163185119629,19.09670066833496,34.674991607666016
2020-11-05,90.36469268798828,21.441909790039062,19.578941345214844,35.49077606201172
2020-11-06,89.16099548339844,21.18052864074707,19.210683822631836,35.194122314453125
2020-11-09,101.23271179199219,24.1864013671875,21.2360897064209,39.25657653808594
2020-11-10,100.90362548828125,24.099275588989258,21.209787368774414,39.26482009887695
2020-11-11,99.39683532714844,23.820472717285156,21.209787368774414,40.3195686340332
2020-11-12,98.17581176757812,23.254154205322266,20.876604080200195,39.78395080566406
2020-11-13,98.79065704345703,23.524242401123047,21.104576110839844,40.09708023071289
2020-11-16,101.5791015625,24.029579162597656,21.83231544494629,41.5308837890625
2020-11-17,100.54859924316406,24.003433227539062,21.955062866210938,41.80282211303711
2020-11-18,99.8038558959961,23.50681495666504,21.97260284423828,42.06651306152344
2020-11-19,100.07230377197266,23.50681495666504,22.937084197998047,42.96469497680664
2020-11-20,99.21499633789062,23.35869789123535,22.340864181518555,42.5609245300293
2020-11-23,102.07270050048828,23.864032745361328,23.059831619262695,43.92055130004883
2020-11-24,106.79227447509766,25.249353408813477,25.085243225097656,47.01889419555664
2020-11-25,105.67517852783203,25.29291343688965,25.067707061767578,47.01889419555664
2020-11-27,104.9737319946289,25.258060455322266,24.95372200012207,46.69752502441406
2020-11-30,102.08136749267578,24.534912109375,23.980478286743164,45.37909698486328
2020-12-01,103.69207763671875,24.99668312072754,24.603004455566406,45.70869827270508
2020-12-02,105.68383026123047,25.319053649902344,25.313209533691406,47.13425827026367
2020-12-03,104.99105072021484,25.345354080200195,25.567485809326172,46.62335968017578
2020-12-04,105.9436264038086,25.67850112915039,25.90943145751953,48.304378509521484
2020-12-07,105.54528045654297,25.503158569335938,25.725305557250977,47.900604248046875
2020-12-08,105.64920806884766,25.362884521484375,25.37458610534668,48.090118408203125
2020-12-09,104.82652282714844,25.248916625976562,25.471031188964844,48.57630920410156
2020-12-10,104.15104675292969,25.520692825317383,25.856822967529297,49.853546142578125
2020-12-11,103.53621673583984,25.04727554321289,25.497339248657227,48.559818267822266
2020-12-14,102.445068359375,24.740432739257812,25.111541748046875,48.40325927734375
2020-12-15,104.19434356689453,25.108642578125,26.067256927490234,49.16960144042969
2020-12-16,104.49742889404297,25.17877960205078,25.997116088867188,49.23552322387695
2020-12-17,103.63147735595703,25.275217056274414,25.839284896850586,49.48273849487305
2020-12-18,103.12054443359375,25.13494300842285,25.435962677001953,48.66695022583008
2020-12-21,106.99144744873047,26.073017120361328,25.90943145751953,50.455074310302734
2020-12-22,105.36341857910156,25.60835838317871,25.39211654663086,48.831756591796875
2020-12-23,108.30774688720703,26.344791412353516,26.610877990722656,50.08426284790039
2020-12-24,107.83145904541016,26.265884399414062,26.163707733154297,49.91121292114258
2020-12-28,108.54157257080078,26.41492462158203,26.242624282836914,50.372676849365234
2020-12-29,108.25579071044922,26.30971908569336,26.111099243164062,50.19139099121094
2020-12-30,108.55888366699219,26.28342056274414,26.084793090820312,50.150184631347656
2020-12-31,110.0396957397461,26.572731018066406,26.461814880371094,50.80941390991211
2021-01-04,109.00053405761719,26.32725715637207,26.04095458984375,49.55690002441406
2021-01-05,109.5936279296875,26.528898239135742,26.768695831298828,50.842376708984375
2021-01-06,114.73968505859375,28.185853958129883,28.662582397460938,53.76766586303711
2021-01-07,118.50764465332031,28.808317184448242,29.311416625976562,54.40214920043945
2021-01-08,118.63848876953125,28.51899528503418,29.100984573364258,53.86654281616211
2021-01-11,120.40909576416016,28.992414474487305,29.14482307434082,54.74825668334961
2021-01-12,122.30177307128906,29.509668350219727,29.75857925415039,54.937782287597656
2021-01-13,122.41521453857422,29.334325790405273,29.635835647583008,55.09434127807617
2021-01-14,123.13036346435547,29.798982620239258,30.46879005432129,56.866004943847656
2021-01-15,120.92367553710938,28.939823150634766,28.09266471862793,52.92715072631836
2021-01-19,120.40033721923828,28.729412078857422,28.609983444213867,52.482173919677734
2021-01-20,118.59485626220703,28.3524227142334,28.46092414855957,52.1196174621582
2021-01-21,117.60054779052734,27.85271453857422,28.057592391967773,50.98245620727539
2021-01-22,116.69343566894531,27.65983772277832,27.96991729736328,50.5374870300293
2021-01-25,115.23683166503906,27.31792640686035,28.26802635192871,49.90298080444336
2021-01-26,114.76586151123047,27.125049591064453,27.51397705078125,50.19139099121094
2021-01-27,111.52120971679688,26.151912689208984,26.453052520751953,48.947113037109375
2021-01-28,113.48371887207031,26.581501007080078,27.01420021057129,49.72169876098633
2021-01-29,112.22771453857422,25.994104385375977,26.198780059814453,48.19256591796875
2021-02-01,113.05632019042969,26.265884399414062,26.29522705078125,48.55824279785156
2021-02-02,116.53645324707031,27.203954696655273,26.961589813232422,49.51394271850586
2021-02-03,117.87094116210938,27.686138153076172,27.794557571411133,50.77713394165039
2021-02-04,120.58352661132812,28.49270248413086,28.726905822753906,51.86581802368164
2021-02-05,120.3480224609375,28.37873077392578,28.638946533203125,52.007080078125
2021-02-08,122.23200988769531,29.00995635986328,29.37778663635254,52.89630889892578
2021-02-09,121.74356079101562,28.88721466064453,29.254648208618164,52.45585632324219
2021-02-10,121.81333923339844,28.91351890563965,29.201879501342773,52.87137985229492
2021-02-11,121.47319030761719,28.825849533081055,28.779678344726562,52.522335052490234
2021-02-12,123.20016479492188,29.255428314208984,29.492128372192383,52.87968826293945
2021-02-16,126.16566467285156,30.044456481933594,30.60039710998535,53.28690719604492
2021-02-17,126.55819702148438,30.167190551757812,32.183631896972656,53.81877517700195
2021-02-18,126.98555755615234,29.974319458007812,32.509071350097656,52.755027770996094
2021-02-19,129.1050262451172,30.28116226196289,33.274295806884766,54.66644287109375
2021-02-22,130.31744384765625,30.815948486328125,32.772945404052734,54.45036315917969
2021-02-23,131.36410522460938,31.14032745361328,32.66740417480469,55.4642448425293
2021-02-24,133.6754150390625,31.8942928314209,33.678897857666016,57.010013580322266
2021-02-25,131.86123657226562,31.499784469604492,33.03682327270508,56.021060943603516
2021-02-26,128.36366271972656,30.43020248413086,31.814212799072266,54.749549865722656
2021-03-01,131.26817321777344,31.377038955688477,32.623416900634766,57.791194915771484
2021-03-02,130.8407440185547,31.14909553527832,32.66740417480469,57.26763916015625
2021-03-03,133.3701629638672,31.929365158081055,33.15115737915039,58.48926544189453
2021-03-04,131.32046508789062,32.15843200683594,32.68498992919922,58.01557159423828
2021-03-05,131.625732421875,32.53728485107422,32.92247009277344,58.3646240234375
2021-03-08,133.3701629638672,32.7135009765625,34.013153076171875,60.01841354370117
2021-03-09,132.4281463623047,31.999835968017578,33.538177490234375,58.99620819091797
2021-03-10,135.30650329589844,32.92495346069336,34.81355667114258,61.289920806884766
2021-03-11,134.59999084472656,32.8104133605957,34.19786071777344,60.92424774169922
2021-03-12,136.19615173339844,33.42714309692383,35.156593322753906,62.478302001953125
2021-03-15,135.5157928466797,33.2597541809082,34.91910934448242,61.680511474609375
2021-03-16,133.89349365234375,33.16283416748047,34.61125183105469,60.94087219238281
2021-03-17,135.2716064453125,33.43595886230469,35.042236328125,61.16524887084961
2021-03-18,137.50445556640625,34.30821228027344,35.89543914794922,61.364707946777344
2021-03-19,135.31521606445312,33.94696807861328,34.85753631591797,60.6749267578125
2021-03-22,131.67807006835938,33.180458068847656,34.27701187133789,59.80233383178711
2021-03-23,130.36106872558594,32.51085662841797,33.63493347167969,58.929725646972656
2021-03-24,131.3727569580078,32.51085662841797,33.52937698364258,58.23996353149414
2021-03-25,133.05616760253906,33.180458068847656,34.567283630371094,59.602882385253906
2021-03-26,135.2716064453125,34.07912063598633,34.971885681152344,60.68323516845703
2021-03-29,133.16958618164062,33.75313949584961,33.81083679199219,59.48653030395508
2021-03-30,134.73953247070312,34.352264404296875,34.64644241333008,60.633358001708984
2021-03-31,132.77706909179688,34.08793640136719,34.36497497558594,60.458858489990234
2021-04-01,134.06797790527344,34.792789459228516,34.85753631591797,60.78296661376953
2021-04-05,134.77859497070312,35.06590270996094,34.72560501098633,60.458858489990234
2021-04-06,133.83106994628906,34.96898651123047,35.051048278808594,60.334205627441406
2021-04-07,135.92788696289062,35.28615951538086,35.1741828918457,60.408992767333984
2021-04-08,136.09461975097656,34.977806091308594,35.20936965942383,60.10980224609375
2021-04-09,137.1123504638672,35.233306884765625,35.62277603149414,60.18463134765625
2021-04-12,136.82281494140625,35.294986724853516,35.860260009765625,60.408992767333984
2021-04-13,135.19094848632812,34.643009185791016,34.99827194213867,59.885440826416016
2021-04-14,132.66416931152344,35.136390686035156,36.9333381652832,60.59183120727539
2021-04-15,133.5063934326172,34.13199234008789,37.15322494506836,60.28435134887695
2021-04-16,134.49783325195312,34.49322509765625,38.560550689697266,60.20952606201172
2021-04-19,133.92755126953125,34.51084518432617,38.595733642578125,59.94359588623047
2021-04-20,130.96212768554688,33.55050277709961,37.4171028137207,57.99895477294922
2021-04-21,132.0763397216797,34.114376068115234,38.03280258178711,58.71365737915039
2021-04-22,129.29515075683594,33.79719161987305,37.557830810546875,58.01557159423828
2021-04-23,131.76927185058594,34.5196533203125,38.5781364440918,59.320316314697266
2021-04-26,132.09388732910156,34.722293853759766,38.82441329956055,60.00178146362305
2021-04-27,132.6992645263672,35.136390686035156,39.66001892089844,60.6583251953125
2021-04-28,133.55908203125,35.26854705810547,39.651214599609375,60.59183120727539
2021-04-29,136.15603637695312,36.22008514404297,40.671531677246094,61.364707946777344
2021-04-30,134.94529724121094,35.70907974243164,39.62483596801758,59.61574172973633
2021-05-03,134.55050659179688,35.73550796508789,40.00303268432617,60.009033203125
2021-05-04,136.41046142578125,36.1231689453125,40.23174285888672,60.52785873413086
2021-05-05,138.20028686523438,36.4667854309082,40.40764617919922,61.68269729614258
2021-05-06,140.98147583007812,37.01303482055664,41.10403060913086,62.578094482421875
2021-05-07,141.46400451660156,37.16281509399414,41.02469253540039,62.82916259765625
2021-05-10,141.4464569091797,37.04827880859375,41.07759094238281,62.8709831237793
2021-05-11,139.0951385498047,36.6253776550293,40.3018798828125,62.65342712402344
2021-05-12,138.13882446289062,36.281768798828125,40.231353759765625,62.11784744262695
2021-05-13,141.69212341308594,36.86326217651367,40.90129852294922,63.00489807128906
2021-05-14,143.894287109375,37.3213996887207,41.394920349121094,64.0676498413086
2021-05-17,144.47329711914062,37.65620422363281,42.223533630371094,64.78733825683594
2021-05-18,142.43789672851562,37.14519500732422,41.30678176879883,64.11788177490234
2021-05-19,141.3499298095703,36.977787017822266,40.698543548583984,63.983985900878906
2021-05-20,141.1043243408203,36.88968276977539,40.31068801879883,63.76640701293945
2021-05-21,142.70985412597656,37.35665512084961,40.44290542602539,64.97982025146484
2021-05-24,143.4818878173828,37.559295654296875,40.760257720947266,65.29779815673828
2021-05-25,141.99920654296875,37.01303482055664,40.628021240234375,64.67019653320312
2021-05-26,141.98165893554688,37.03947067260742,40.90129852294922,64.87101745605469
2021-05-27,144.19253540039062,37.48881149291992,41.2186279296875,65.90870666503906
2021-05-28,144.0960235595703,37.34783935546875,41.18335723876953,65.86683654785156
2021-06-01,145.68406677246094,37.81480407714844,41.659366607666016,66.7455062866211
2021-06-02,145.6928253173828,37.83241653442383,41.26270294189453,66.8292007446289
2021-06-03,145.78933715820312,38.26594543457031,40.95417785644531,66.63671875
2021-06-04,146.0262451171875,38.28364181518555,41.394920349121094,66.51956939697266
2021-06-07,145.34188842773438,38.15092468261719,41.52714538574219,66.36894226074219
2021-06-08,144.76283264160156,37.9385871887207,41.08639907836914,66.17646789550781
2021-06-09,142.95550537109375,37.443115234375,40.478179931640625,65.38985443115234
2021-06-10,140.72703552246094,36.88572692871094,39.74653625488281,64.34380340576172
2021-06-11,140.63052368164062,37.0361328125,40.26660919189453,64.0007095336914
2021-06-14,138.24412536621094,36.593746185302734,39.7994270324707,62.89611053466797
2021-06-15,136.1472625732422,36.62029266357422,40.07269287109375,61.77473449707031
2021-06-16,137.10357666015625,36.82378005981445,40.169647216796875,59.79981994628906
2021-06-17,133.146728515625,35.21352005004883,37.7191047668457,57.62407302856445
2021-06-18,129.77769470214844,34.31105422973633,36.80234146118164,56.57803726196289
2021-06-21,131.9798126220703,35.169281005859375,38.151023864746094,57.28097915649414
2021-06-22,131.786865234375,35.36394119262695,38.380210876464844,57.70774841308594
2021-06-23,132.585205078125,35.56741714477539,38.75044250488281,58.28517150878906
2021-06-24,133.80474853515625,36.124820709228516,39.82585525512695,59.682674407958984
2021-06-25,135.15586853027344,36.82378005981445,40.8836555480957,59.87514877319336
2021-06-28,135.40151977539062,36.77070236206055,40.363582611083984,59.8416862487793
2021-06-29,135.23483276367188,36.17790603637695,39.48208999633789,58.310272216796875
2021-06-30,136.4630889892578,36.478721618652344,39.92283630371094,59.205684661865234
2021-07-01,137.81427001953125,36.75300598144531,40.02861785888672,59.42324447631836
2021-07-02,137.68190002441406,36.4079475402832,39.728904724121094,58.921165466308594
2021-07-06,135.36996459960938,35.45240783691406,38.33613586425781,57.080142974853516
2021-07-07,135.52877807617188,35.169281005859375,38.25680923461914,56.845829010009766
2021-07-08,133.19039916992188,34.31105422973633,37.30479431152344,55.84162902832031
2021-07-09,137.45245361328125,35.42587661743164,38.70637130737305,57.28097915649414
2021-07-12,139.42019653320312,35.94786834716797,38.92674255371094,58.109439849853516
2021-07-13,137.34654235839844,35.266605377197266,38.10695266723633,57.21404266357422
2021-07-14,136.8788604736328,34.38184356689453,39.62312698364258,57.04665756225586
2021-07-15,137.1789093017578,34.355308532714844,39.667198181152344,57.28097915649414
2021-07-16,134.04635620117188,33.550174713134766,39.03252410888672,55.983890533447266
2021-07-19,129.687255859375,32.67425537109375,37.94827651977539,54.46086502075195
2021-07-20,132.10508728027344,33.34667205810547,39.52616500854492,55.47342300415039
2021-07-21,134.8846435546875,34.02792739868164,40.37238693237305,56.812355041503906
2021-07-22,133.18157958984375,33.5855598449707,39.69364547729492,56.00899887084961
2021-07-23,132.92567443847656,33.35551834106445,39.305789947509766,55.824893951416016
2021-07-26,133.81690979003906,33.73597717285156,39.6760139465332,56.71193313598633
2021-07-27,133.64047241210938,33.60325622558594,39.79061508178711,56.887664794921875
2021-07-28,133.86102294921875,33.73597717285156,40.11676025390625,56.988075256347656
2021-07-29,135.00819396972656,34.22257995605469,40.98943328857422,57.58222961425781
2021-07-30,133.93162536621094,33.939456939697266,40.495792388916016,57.008949279785156
2021-08-02,133.39337158203125,33.5855598449707,40.363582611083984,57.1016845703125
2021-08-03,134.91110229492188,34.107566833496094,41.28033447265625,58.07122802734375
2021-08-04,133.45513916015625,33.859832763671875,40.680908203125,57.76770782470703
2021-08-05,135.1405487060547,34.52339553833008,41.60165023803711,58.754119873046875
2021-08-06,138.97898864746094,35.5231819152832,43.177555084228516,59.917564392089844
2021-08-09,138.82899475097656,35.9832649230957,43.07130813598633,60.29693603515625
2021-08-10,140.5320587158203,36.655677795410156,43.93892288208008,61.52784729003906
2021-08-11,142.2086639404297,37.11575698852539,44.850826263427734,62.64070129394531
2021-08-12,142.76451110839844,37.29270935058594,45.28463363647461,62.497379302978516
2021-08-13,141.16738891601562,36.83263397216797,44.59407043457031,61.63743591308594
2021-08-16,140.24085998535156,36.53181838989258,43.74415588378906,60.78593444824219
2021-08-17,138.546630859375,36.3548583984375,43.124420166015625,60.38127136230469
2021-08-18,137.28480529785156,36.08943557739258,42.46928024291992,59.9597282409668
2021-08-19,136.13766479492188,35.55857849121094,41.83184814453125,58.88058090209961
2021-08-20,136.52590942382812,35.71783447265625,41.98234939575195,59.226234436035156
2021-08-23,138.27308654785156,36.19560241699219,42.15056228637695,59.76579284667969
2021-08-24,139.1290283203125,36.699920654296875,42.8145637512207,60.735347747802734
2021-08-25,141.99685668945312,37.29270935058594,43.63792037963867,61.696468353271484
2021-08-26,142.72923278808594,37.19538116455078,43.42543411254883,61.07257080078125
2021-08-27,143.8763885498047,37.593536376953125,44.098297119140625,61.53627014160156
2021-08-30,141.5732879638672,36.85917663574219,42.858821868896484,60.42341232299805
2021-08-31,141.14088439941406,36.93880844116211,40.4595832824707,60.62575912475586
2021-09-01,140.93792724609375,36.443336486816406,38.467594146728516,60.11991500854492
2021-09-02,141.59091186523438,36.47890090942383,39.45915985107422,60.280086517333984
2021-09-03,140.73501586914062,36.505592346191406,39.10503387451172,60.00187301635742
2021-09-07,140.48794555664062,36.74570083618164,39.22896957397461,59.706783294677734
2021-09-08,139.86141967773438,36.26548767089844,38.795162200927734,59.04918670654297
2021-09-09,140.47027587890625,36.39888000488281,39.27324676513672,59.40328598022461
2021-09-10,138.85543823242188,35.81194305419922,39.24668502807617,58.6529541015625
2021-09-13,141.06150817871094,36.40776824951172,40.512699127197266,59.4538688659668
2021-09-14,138.59957885742188,35.42955017089844,40.76944351196289,57.98691177368164
2021-09-15,139.56138610839844,35.69633483886719,41.29179763793945,59.394859313964844
2021-09-16,139.49961853027344,35.972007751464844,40.97306823730469,59.015472412109375
2021-09-17,139.13784790039062,36.0164794921875,41.141292572021484,58.98174285888672
2021-09-20,134.97288513183594,34.78035354614258,40.556968688964844,56.739158630371094
2021-09-21,134.9905242919922,34.79814529418945,40.59238815307617,56.43565368652344
2021-09-22,137.57598876953125,35.69633483886719,41.68134307861328,57.53165054321289
2021-09-23,142.2262420654297,37.07474899291992,42.31877517700195,59.75737380981445
2021-09-24,143.8675079345703,37.47491455078125,42.425018310546875,60.01030731201172
2021-09-27,147.34422302246094,38.47093200683594,42.10629653930664,60.92081832885742
2021-09-28,146.550048828125,38.38200759887695,40.654354095458984,60.170494079589844
2021-09-29,146.43533325195312,38.30196762084961,41.637062072753906,60.305381774902344
2021-09-30,144.4411163330078,37.750614166259766,41.088157653808594,59.167232513427734
2021-10-01,147.4765625,38.31086349487305,41.628211975097656,60.01030731201172
2021-10-04,147.31773376464844,38.542076110839844,41.628211975097656,60.1030387878418
2021-10-05,149.72348022460938,39.32465744018555,42.46043014526367,61.148460388183594
2021-10-06,150.04306030273438,39.34244918823242,42.3807487487793,61.055721282958984
2021-10-07,150.992919921875,39.23573303222656,42.28336715698242,60.861812591552734
2021-10-08,151.1083221435547,39.43136978149414,42.49584197998047,60.996707916259766
2021-10-11,147.9302520751953,38.93336486816406,41.8584098815918,60.431846618652344
2021-10-12,146.79396057128906,38.719940185546875,41.30064392089844,59.55502700805664
2021-10-13,142.92349243164062,38.36421203613281,40.76944351196289,59.23466491699219
2021-10-14,145.1162109375,40.0805549621582,40.11429977416992,59.6899299621582
2021-10-15,147.9036407470703,41.23664474487305,42.8322639465332,60.94611358642578
2021-10-18,147.8503875732422,41.15660095214844,43.76185607910156,60.372825622558594
2021-10-19,149.6436004638672,41.334468841552734,44.5675048828125,60.49927520751953
2021-10-20,151.65870666503906,41.876930236816406,44.40814971923828,60.549861907958984
2021-10-21,150.46913146972656,41.64571762084961,44.55866241455078,59.445430755615234
2021-10-22,152.49317932128906,42.303802490234375,44.850826263427734,60.170494079589844
2021-10-25,151.7474822998047,42.25044250488281,44.815399169921875,59.7152214050293
2021-10-26,152.15582275390625,42.65061950683594,44.82426071166992,59.5634651184082
2021-10-27,148.9866485595703,41.83246994018555,44.31076431274414,59.276817321777344
2021-10-28,151.23263549804688,42.49055099487305,45.470550537109375,59.75737380981445
2021-10-29,150.8153839111328,42.49055099487305,45.29348373413086,58.72986602783203
2021-11-01,150.73545837402344,42.55280685424805,45.780418395996094,59.11198806762695
2021-11-02,151.3302459716797,42.57947540283203,45.41743469238281,58.25431442260742
2021-11-03,151.38351440429688,43.01523971557617,46.037166595458984,58.593990325927734
2021-11-04,149.39503479003906,42.09036636352539,44.98843765258789,56.89561462402344
2021-11-05,149.1819610595703,41.77021408081055,44.82846450805664,56.88711929321289
2021-11-08,150.0785675048828,42.09926223754883,45.21062469482422,58.12693405151367
2021-11-09,148.94227600097656,41.690189361572266,44.33964920043945,57.736305236816406
2021-11-10,148.8002471923828,42.001434326171875,44.75736618041992,57.92313003540039
2021-11-11,148.7913818359375,42.23265838623047,44.96177673339844,58.48360061645508
2021-11-12,148.1255645751953,41.71686553955078,45.290611267089844,58.72986602783203
2021-11-15,147.8592529296875,41.841365814208984,45.39725875854492,58.37319564819336
2021-11-16,146.79396057128906,41.868045806884766,44.76625442504883,57.52402114868164
2021-11-17,146.00390625,41.36114501953125,44.29521560668945,56.76824188232422
2021-11-18,144.74334716796875,41.19218063354492,44.348533630371094,56.98903274536133
2021-11-19,142.85247802734375,40.374027252197266,43.388694763183594,56.33512878417969
2021-11-22,145.8973846435547,41.15660095214844,44.73958969116211,56.92958068847656
2021-11-23,149.38612365722656,42.241546630859375,45.68165969848633,57.80424118041992
2021-11-24,148.21435546875,42.357154846191406,45.60167694091797,57.13338088989258
2021-11-26,143.74908447265625,40.69417190551758,43.04207229614258,55.62183380126953
2021-11-29,143.127685546875,40.542991638183594,43.69086456298828,55.231201171875
2021-11-30,140.99716186523438,39.54697799682617,42.46439743041992,54.093292236328125
2021-12-01,140.16268920898438,38.986724853515625,41.95780563354492,53.09124755859375
2021-12-02,143.10995483398438,40.11263656616211,43.46866989135742,54.18669891357422
2021-12-03,140.51779174804688,39.20117950439453,42.43773651123047,53.29505157470703
2021-12-06,142.17784118652344,39.451385498046875,43.37980651855469,53.09124755859375
2021-12-07,144.3172149658203,39.951786041259766,44.659603118896484,53.4139404296875
2021-12-08,142.66604614257812,39.46031951904297,43.91305923461914,53.04029846191406
2021-12-09,142.44415283203125,39.75520706176758,44.161895751953125,52.7685432434082
2021-12-10,141.87599182128906,39.782005310058594,44.61516571044922,51.554222106933594
2021-12-13,140.18930053710938,38.94205093383789,43.157623291015625,51.10414505004883
2021-12-14,141.2634735107422,39.43350601196289,43.450904846191406,51.494773864746094
2021-12-15,140.20706176757812,39.26374053955078,43.49534225463867,51.15509796142578
2021-12-16,142.3997802734375,40.21092987060547,44.704044342041016,51.85992431640625
2021-12-17,139.15956115722656,39.210121154785156,42.615482330322266,50.5606689453125
2021-12-20,136.6561737060547,38.56674575805664,41.63785934448242,49.490692138671875
2021-12-21,138.5647735595703,39.48712158203125,42.49106216430664,50.424800872802734
2021-12-22,139.1062774658203,39.56754684448242,42.68658447265625,50.61161804199219
2021-12-23,139.60340881347656,39.69264221191406,42.97987747192383,51.12962341308594
2021-12-27,140.40235900878906,39.88923263549805,43.34425735473633,51.503265380859375
2021-12-28,140.82850646972656,39.94285583496094,43.03319549560547,51.477787017822266
2021-12-29,140.7574920654297,39.88029479980469,43.059852600097656,51.40985107421875
2021-12-30,140.68643188476562,39.79093551635742,42.7487907409668,51.31644821166992
2021-12-31,140.57102966308594,39.75520706176758,42.64213943481445,51.28247833251953
2022-01-03,143.544921875,41.26534652709961,45.08620071411133,53.58377456665039
2022-01-04,148.9866485595703,42.882713317871094,46.881473541259766,53.999881744384766
2022-01-05,146.26292419433594,42.15891647338867,46.47264862060547,53.37147903442383
2022-01-06,147.81674194335938,43.00783157348633,47.663570404052734,55.120811462402344
2022-01-07,149.28134155273438,43.946075439453125,48.67674255371094,55.859596252441406
2022-01-10,149.42428588867188,43.72267532348633,49.19221115112305,56.071895599365234
2022-01-11,149.5760955810547,43.97288131713867,49.82323455810547,56.98903274536133
2022-01-12,150.4244842529297,43.660125732421875,50.125404357910156,57.13338088989258
2022-01-13,150.23692321777344,43.570762634277344,49.7699089050293,57.5579833984375
2022-01-14,141.0028533935547,42.81123352050781,51.60072708129883,56.83616256713867
2022-01-18,135.09088134765625,41.33683395385742,50.38314437866211,55.451995849609375
2022-01-19,133.0011444091797,41.497676849365234,49.38773727416992,54.551849365234375
2022-01-20,131.8670196533203,40.881099700927734,48.88115692138672,54.73867416381836
2022-01-21,129.56295776367188,40.13943862915039,47.699119567871094,53.72813415527344
2022-01-24,129.44688415527344,39.808807373046875,47.388065338134766,53.24409866333008
2022-01-25,130.8578643798828,40.59516525268555,47.628021240234375,54.44144821166992
2022-01-26,132.0991973876953,41.015140533447266,48.11682891845703,54.98493576049805
2022-01-27,129.7683868408203,40.63089370727539,47.779109954833984,54.47542953491211
2022-01-28,130.92929077148438,40.98832702636719,48.16127014160156,54.933982849121094
2022-01-31,132.7064971923828,41.2296028137207,47.814659118652344,55.299137115478516
2022-02-01,134.98373413085938,41.9444580078125,49.414398193359375,56.521968841552734
2022-02-02,133.90316772460938,41.899776458740234,49.70768356323242,56.24174118041992
2022-02-03,132.79576110839844,41.488739013671875,49.25239562988281,55.418025970458984
2022-02-04,136.24290466308594,43.1418571472168,50.28798294067383,56.55633544921875
2022-02-07,136.6983642578125,43.34737777709961,51.18070602416992,56.79597473144531
2022-02-08,139.2703094482422,44.124786376953125,52.448402404785156,57.44645309448242
2022-02-09,139.85079956054688,44.03541564941406,52.72515106201172,58.062679290771484
2022-02-10,139.2703094482422,43.82990264892578,52.71622085571289,57.77167510986328
2022-02-11,137.4574737548828,42.820159912109375,52.055599212646484,57.472137451171875
2022-02-14,136.180419921875,42.373374938964844,51.64493179321289,56.88157272338867
2022-02-15,138.171875,42.70400619506836,52.118080139160156,57.343753814697266
2022-02-16,138.4219512939453,42.605712890625,51.90382766723633,57.30095291137695
2022-02-17,135.2337646484375,41.167049407958984,50.127288818359375,55.3837890625
2022-02-18,135.86781311035156,41.068763732910156,49.66305923461914,54.895931243896484
2022-02-22,135.626708984375,40.71132278442383,49.3505973815918,54.68197250366211
2022-02-23,132.78684997558594,40.014339447021484,48.16325378417969,54.10853576660156
2022-02-24,129.0896453857422,38.95991897583008,47.05625534057617,51.926048278808594
2022-02-25,132.14385986328125,40.228790283203125,48.306087493896484,53.047237396240234
2022-02-28,126.63375854492188,39.49605941772461,47.64546585083008,50.69358825683594
2022-03-01,121.85594177246094,37.950172424316406,44.89583206176758,50.14583206176758
2022-03-02,124.38327026367188,38.56674575805664,46.61881637573242,50.97602462768555
2022-03-03,123.49918365478516,38.15369415283203,45.74393844604492,49.31562042236328
2022-03-04,120.02519989013672,36.770851135253906,43.55672073364258,48.434078216552734
2022-03-07,115.39031982421875,34.42721939086914,40.8963623046875,47.54395294189453
2022-03-08,114.57765197753906,34.65170669555664,41.47663879394531,46.961952209472656
2022-03-09,119.16790008544922,36.851661682128906,43.88703155517578,47.88630676269531
2022-03-10,117.75687408447266,36.51942825317383,43.753116607666016,46.970516204833984
2022-03-11,115.10453796386719,36.21412658691406,43.27104949951172,46.35429000854492
2022-03-14,116.24763488769531,36.99534225463867,44.51194763183594,46.41419982910156
2022-03-15,118.31057739257812,37.26472473144531,44.73514175415039,47.16737365722656
2022-03-16,123.59738159179688,38.43204879760742,46.0653190612793,48.61380386352539
2022-03-17,125.16023254394531,38.638572692871094,45.95818328857422,49.03318405151367
2022-03-18,125.1156005859375,38.521854400634766,45.904624938964844,49.08452606201172
2022-03-21,124.71370697021484,38.46797180175781,45.654659271240234,48.767860412597656
2022-03-22,127.36604309082031,39.67121124267578,47.66331481933594,49.21291732788086
2022-03-23,124.82981872558594,38.69245147705078,45.63679885864258,48.228660583496094
2022-03-24,125.64246368408203,38.674495697021484,45.82427978515625,48.288570404052734
2022-03-25,126.74089813232422,39.267127990722656,46.92234802246094,48.56245040893555
2022-03-28,125.80320739746094,39.10551071166992,46.25279998779297,47.86063003540039
2022-03-29,126.080078125,39.006736755371094,46.0653190612793,48.33135986328125
2022-03-30,125.50849914550781,38.61164093017578,44.73514175415039,47.047550201416016
2022-03-31,121.73989868164062,37.01329803466797,43.26211166381836,45.70381546020508
2022-04-01,120.83788299560547,36.72595977783203,43.48529815673828,44.78803253173828
2022-04-04,121.37373352050781,36.6630973815918,43.26211166381836,45.1902961730957
2022-04-05,119.96124267578125,36.043521881103516,42.95859146118164,44.146121978759766
2022-04-06,118.29686737060547,35.64841842651367,42.75325012207031,43.24745178222656
2022-04-07,117.93699645996094,35.370052337646484,42.619354248046875,42.81951904296875
2022-04-08,120.09619903564453,35.62147903442383,43.5031623840332,43.54701614379883
2022-04-11,119.65534210205078,35.549644470214844,44.03880310058594,43.264564514160156
2022-04-12,118.34185791015625,35.172508239746094,43.22641372680664,43.0848388671875
2022-04-13,114.52728271484375,34.858238220214844,43.33353805541992,42.92222595214844
2022-04-14,113.46568298339844,33.73579406738281,41.378440856933594,43.58980941772461
2022-04-18,115.57089233398438,34.88517379760742,42.11048126220703,44.77091979980469
2022-04-19,117.9639892578125,35.53168487548828,42.69969177246094,45.292999267578125
2022-04-20,118.3778305053711,35.61250305175781,43.43173599243164,45.447052001953125
2022-04-21,117.46019744873047,34.939048767089844,42.655059814453125,45.04479217529297
2022-04-22,114.0864486694336,33.726810455322266,41.369510650634766,43.84657287597656
2022-04-25,114.05044555664062,33.48436737060547,40.91421890258789,43.760986328125
2022-04-26,110.67671966552734,32.730106353759766,39.79829406738281,42.99069595336914
2022-04-27,109.23725128173828,32.550514221191406,39.79829406738281,42.45148468017578
2022-04-28,110.96460723876953,33.0533561706543,40.325008392333984,42.81096267700195
2022-04-29,107.3839340209961,32.03867721557617,38.9501953125,41.686851501464844
2022-05-02,108.36457061767578,32.451744079589844,38.985897064208984,42.11920928955078
2022-05-03,110.68570709228516,33.34070587158203,39.42333984375,43.32112503051758
2022-05-04,114.34733581542969,34.67864227294922,41.048118591308594,45.16291809082031
2022-05-05,111.48641967773438,33.70885467529297,40.17742919921875,44.36740493774414
2022-05-06,111.30646514892578,33.62803649902344,39.98894119262695,44.635459899902344
2022-05-09,109.63311767578125,32.658260345458984,39.4593391418457,43.13953399658203
2022-05-10,106.96110534667969,32.11051559448242,38.669437408447266,42.15378952026367
2022-05-11,106.28634643554688,31.939912796020508,38.211647033691406,41.211273193359375
2022-05-12,106.1963882446289,31.49093246459961,37.52946472167969,40.26011657714844
2022-05-13,107.14102172851562,31.580726623535156,38.27448272705078,41.1939811706543
2022-05-16,106.3943099975586,31.257474899291992,37.88850402832031,41.0383415222168
2022-05-17,109.9209976196289,32.31705093383789,39.234928131103516,44.14258575439453
2022-05-18,108.04071044921875,31.32032012939453,37.798736572265625,42.646663665771484
2022-05-19,106.43929290771484,30.934207916259766,37.70000457763672,43.0444221496582
2022-05-20,105.56663513183594,30.404420852661133,37.4037971496582,43.01848602294922
2022-05-23,112.09818267822266,32.20928955078125,39.33367919921875,45.62985610961914
2022-05-24,113.68160247802734,32.011741638183594,38.85792922973633,45.552040100097656
2022-05-25,114.47328186035156,32.18235397338867,39.60295867919922,45.56932830810547
2022-05-26,116.45256042480469,32.92764663696289,40.931434631347656,46.77125549316406
2022-05-27,118.09895324707031,33.241920471191406,41.19174575805664,46.36484909057617
2022-05-31,118.96261596679688,33.4035530090332,41.08403778076172,46.18326950073242
2022-06-01,116.87541198730469,32.92764663696289,40.53649139404297,45.30127716064453
2022-06-02,118.75569915771484,33.14439392089844,40.689090728759766,45.33586120605469
2022-06-03,117.1003189086914,32.683799743652344,40.231292724609375,44.38469696044922
2022-06-06,116.71344757080078,32.647682189941406,40.50057601928711,44.445228576660156
2022-06-07,117.01934814453125,32.828304290771484,40.81474685668945,45.05051040649414
2022-06-08,115.15705871582031,32.41287612915039,40.06074905395508,44.45387268066406
2022-06-09,112.73694610595703,31.16656494140625,38.30140686035156,43.20871353149414
2022-06-10,107.55486297607422,29.956388473510742,35.97658157348633,41.2545166015625
2022-06-13,104.35208129882812,28.917808532714844,34.99817657470703,39.50782775878906
2022-06-14,102.6156997680664,28.412057876586914,33.5978889465332,39.74129104614258
2022-06-15,103.83028411865234,28.944896697998047,34.26211929321289,41.14210510253906
2022-06-16,102.0489501953125,28.764278411865234,33.79536437988281,40.54546356201172
2022-06-17,101.6890640258789,28.827499389648438,34.54038619995117,40.22552490234375
2022-06-21,104.20812225341797,29.667396545410156,34.99817657470703,41.47067642211914
2022-06-22,103.62334442138672,29.441614151000977,34.64809799194336,40.81352615356445
2022-06-23,102.48974609375,28.971996307373047,34.019771575927734,40.07852554321289
2022-06-24,105.54862213134766,29.17971420288086,36.58695602416992,41.384212493896484
2022-06-27,104.70293426513672,29.21583366394043,36.12019729614258,41.358272552490234
2022-06-28,104.19912719726562,29.13455581665039,36.06634521484375,40.82216262817383
2022-06-29,103.73131561279297,28.7733097076416,35.64445877075195,40.7270393371582
2022-06-30,101.31119537353516,28.11403465270996,35.159751892089844,39.767234802246094
2022-07-01,102.60674285888672,28.502376556396484,35.83295822143555,40.528160095214844
2022-07-05,102.2164535522461,28.213375091552734,35.99452590942383,40.303348541259766
2022-07-06,101.55388641357422,27.978565216064453,35.45594787597656,39.90558624267578
2022-07-07,104.12245178222656,28.7733097076416,36.012474060058594,40.580039978027344
2022-07-08,103.79571533203125,28.7100887298584,36.06634521484375,40.48493957519531
2022-07-11,102.43428039550781,28.412057876586914,35.716270446777344,39.9401741027832
2022-07-12,102.53411102294922,28.321752548217773,35.54571533203125,39.88829803466797
2022-07-13,101.57202911376953,27.852128982543945,35.06998062133789,39.343536376953125
2022-07-14,98.02323150634766,27.210912704467773,34.77376937866211,38.16755294799805
2022-07-15,102.51596069335938,29.12552261352539,36.91908264160156,43.21735382080078
2022-07-18,101.46312713623047,29.13455581665039,36.972930908203125,43.29518508911133
2022-07-19,103.97721099853516,30.11894989013672,38.50786209106445,45.07645797729492
2022-07-20,103.95907592773438,30.12798309326172,38.34629821777344,45.3531494140625
2022-07-21,104.66703033447266,30.389890670776367,38.84895706176758,45.47420883178711
2022-07-22,104.15877532958984,30.191200256347656,38.75021743774414,44.88622283935547
2022-07-25,104.5762710571289,30.462142944335938,39.04644012451172,45.102394104003906
2022-07-26,102.94254302978516,29.8480167388916,38.50786209106445,44.445228576660156
2022-07-27,104.59439086914062,30.33570098876953,39.234928131103516,45.26667785644531
2022-07-28,104.20414733886719,30.091861724853516,38.884857177734375,45.16291809082031
2022-07-29,104.7033462524414,30.53438949584961,39.37855529785156,45.320098876953125
2022-08-01,103.65956115722656,30.44407081604004,39.08234405517578,45.33755874633789
2022-08-02,102.04399871826172,29.8389892578125,38.48991394042969,44.3159065246582
2022-08-03,103.11499786376953,30.380855560302734,39.396507263183594,45.066871643066406
2022-08-04,101.98046875,30.164108276367188,38.655391693115234,44.76124572753906
2022-08-05,105.0663833618164,30.66985511779785,39.550140380859375,45.11053466796875
2022-08-08,103.78662109375,30.245386123657227,39.03498840332031,44.94461441040039
2022-08-09,104.72149658203125,30.633726119995117,39.224788665771484,45.48600769042969
2022-08-10,107.45342254638672,31.67230796813965,40.065311431884766,46.446556091308594
2022-08-11,109.04176330566406,32.430931091308594,40.89680862426758,47.15385055541992
2022-08-12,110.84794616699219,32.783138275146484,41.52043151855469,47.48569107055664
2022-08-15,111.14745330810547,32.73799133300781,41.34870910644531,47.21499252319336
2022-08-16,112.20938110351562,33.090206146240234,41.62887954711914,47.311038970947266
2022-08-17,111.26544189453125,32.88249206542969,41.70118713378906,46.94429016113281
2022-08-18,110.40319061279297,32.76508712768555,41.70118713378906,46.76091003417969
2022-08-19,107.67125701904297,32.0425910949707,40.98719024658203,45.940086364746094
2022-08-22,105.8923110961914,31.356220245361328,40.13761520385742,44.752506256103516
2022-08-23,104.84854888916016,31.07625389099121,40.10146713256836,44.490543365478516
2022-08-24,105.1026840209961,31.175600051879883,40.34550094604492,44.542938232421875
2022-08-25,107.59864044189453,31.73552703857422,41.02334213256836,45.45981979370117
2022-08-26,104.07706451416016,30.733068466186523,39.739952087402344,43.4688835144043
2022-08-29,103.82293701171875,30.61566734313965,39.69476318359375,43.11085510253906
2022-08-30,103.84109497070312,30.78725814819336,39.89360046386719,42.85762405395508
2022-08-31,103.2238998413086,30.353769302368164,39.504966735839844,42.621856689453125
2022-09-01,103.93185424804688,30.426488876342773,39.49592208862305,42.5694580078125
2022-09-02,103.20576477050781,30.39012336730957,39.20671463012695,42.648048400878906
2022-09-06,103.23297119140625,30.053773880004883,38.75481414794922,42.106651306152344
2022-09-07,105.1934585571289,30.517393112182617,39.62245559692383,42.46467208862305
2022-09-08,107.64403533935547,31.499183654785156,40.87873458862305,43.57365798950195
2022-09-09,108.16136169433594,31.7628173828125,40.9691162109375,44.24604415893555
2022-09-12,109.44113159179688,32.062808990478516,41.149871826171875,44.420684814453125
2022-09-13,105.63818359375,30.908296585083008,39.06210708618164,42.78776550292969
2022-09-14,105.39312744140625,30.790115356445312,39.116329193115234,42.29002380371094
2022-09-15,106.98145294189453,31.371917724609375,39.89360046386719,42.298763275146484
2022-09-16,106.26444244384766,31.017377853393555,39.71283721923828,42.01060485839844
2022-09-19,107.24468994140625,31.535545349121094,40.0562744140625,42.124122619628906
2022-09-20,105.12991333007812,31.062841415405273,39.233829498291016,41.25962829589844
2022-09-21,102.09845733642578,30.135587692260742,38.2034912109375,40.456268310546875
2022-09-22,100.93668365478516,29.544694900512695,37.5256462097168,39.80135726928711
2022-09-23,99.05792999267578,28.84471321105957,36.52242660522461,38.64869689941406
2022-09-26,96.92501068115234,28.20836067199707,36.16090774536133,37.53971481323242
2022-09-27,96.07183837890625,27.790191650390625,36.17898178100586,37.190433502197266
2022-09-28,98.01415252685547,28.244726181030273,36.88395309448242,37.89773178100586
2022-09-29,96.35321807861328,27.87200927734375,36.60377502441406,37.01578140258789
2022-09-30,94.8465576171875,27.453834533691406,36.350711822509766,36.387062072753906
2022-10-03,97.77818298339844,28.26290512084961,37.57987976074219,37.16423416137695
2022-10-04,102.35258483886719,29.435609817504883,39.351314544677734,38.779685974121094
2022-10-05,101.0888671875,29.017433166503906,39.1434440612793,38.28194808959961
2022-10-06,99.02845764160156,28.599258422851562,38.1763801574707,37.6008415222168
2022-10-07,97.0504379272461,27.95382308959961,37.76966857910156,36.84113311767578
2022-10-10,96.14385223388672,27.87200927734375,37.46238708496094,36.32594299316406
2022-10-11,93.36915588378906,27.062938690185547,36.3597526550293,35.32173156738281
2022-10-12,94.880126953125,27.144752502441406,36.61280822753906,35.662288665771484
2022-10-13,100.15481567382812,28.808349609375,38.30291748046875,37.504783630371094
2022-10-14,101.82147979736328,28.817441940307617,39.016910552978516,37.74929428100586
2022-10-17,106.09799194335938,30.562849044799805,39.73091506958008,38.06365203857422
2022-10-18,108.82687377929688,31.708276748657227,40.37260818481445,38.55264663696289
2022-10-19,106.69322204589844,30.83556365966797,39.42361831665039,37.8453483581543
2022-10-20,106.3452377319336,30.635574340820312,39.45073318481445,37.47858810424805
2022-10-21,111.93126678466797,31.771907806396484,40.5172119140625,38.64869689941406
2022-10-24,112.06861877441406,31.88098907470703,40.851627349853516,38.779685974121094
2022-10-25,112.36165618896484,32.17189407348633,41.00526809692383,39.574317932128906
2022-10-26,113.65287017822266,32.45370864868164,41.30352020263672,39.65290451049805
2022-10-27,114.1015625,32.608245849609375,41.258331298828125,39.67910385131836
2022-10-28,115.45687103271484,32.89006042480469,41.890987396240234,40.28162384033203
2022-10-31,115.27371978759766,32.762794494628906,41.56562423706055,40.04584884643555
2022-11-01,117.35244750976562,32.90824508666992,42.433265686035156,40.3602180480957
2022-11-02,116.27188110351562,32.80823516845703,42.369998931884766,39.77515411376953
2022-11-03,116.48251342773438,32.626434326171875,41.42399597167969,38.928138732910156
2022-11-04,119.66927337646484,33.44459533691406,42.51553726196289,39.86445999145508
2022-11-07,120.30113983154297,33.644588470458984,42.81571578979492,40.39445114135742
2022-11-08,120.37440490722656,33.73548889160156,42.915767669677734,40.73894119262695
2022-11-09,118.8084945678711,33.19914245605469,41.81513595581055,40.06761932373047
2022-11-10,123.69854736328125,34.66274642944336,43.61617660522461,42.770591735839844
2022-11-11,123.9000244140625,34.91728591918945,43.252323150634766,44.33407974243164
2022-11-14,122.62715148925781,34.326385498046875,42.6337890625,43.30059051513672
2022-11-15,121.7388687133789,34.27184295654297,42.48825454711914,43.30942916870117
2022-11-16,121.9036865234375,33.96276092529297,42.033443450927734,42.7264404296875
2022-11-17,121.3725814819336,33.790035247802734,41.83332824707031,42.62042999267578
2022-11-18,122.56302642822266,33.80821228027344,42.297237396240234,42.982601165771484
2022-11-21,121.83960723876953,33.91730880737305,42.60650634765625,43.17692184448242
2022-11-22,123.66191864013672,34.080936431884766,42.85210418701172,43.574424743652344
2022-11-23,124.98056030273438,34.19002914428711,43.052215576171875,42.611602783203125
2022-11-25,125.21867370605469,34.27184295654297,43.15227127075195,42.655765533447266
2022-11-28,123.03006744384766,33.50823211669922,42.733848571777344,41.71944046020508
2022-11-29,125.05384826660156,33.635498046875,43.27052307128906,42.019775390625
2022-11-30,126.53734588623047,34.40819549560547,43.61617660522461,42.76175308227539
2022-12-01,124.76081085205078,33.4206657409668,42.6337890625,42.205265045166016
2022-12-02,123.77181243896484,32.990909576416016,41.7878532409668,41.728275299072266
2022-12-05,120.30113983154297,31.518762588500977,39.71391296386719,40.31495666503906
2022-12-06,120.50261688232422,30.17461395263672,39.477420806884766,39.73196029663086
2022-12-07,120.4201889038086,29.93687629699707,38.613277435302734,39.45812225341797
2022-12-08,121.68392944335938,29.66255760192871,38.731529235839844,39.47580337524414
2022-12-09,121.02460479736328,29.607702255249023,38.658756256103516,39.62596130371094
2022-12-12,122.90184783935547,29.927724838256836,38.98622512817383,40.429786682128906
2022-12-13,122.7828369140625,29.94601821899414,38.76791000366211,41.15410614013672
2022-12-14,122.16926574707031,29.51625633239746,38.36768341064453,40.615291595458984
2022-12-15,119.13817596435547,29.049922943115234,37.63089370727539,39.41395568847656
2022-12-16,118.3963851928711,28.985918045043945,37.4671630859375,39.17546463012695
2022-12-19,119.10153198242188,29.315093994140625,38.04021453857422,38.80447006225586
2022-12-20,119.6784439086914,29.433963775634766,37.2761344909668,38.69846725463867
2022-12-21,121.02460479736328,29.882015228271484,37.40348815917969,39.58180236816406
2022-12-22,119.65098571777344,29.616840362548828,37.00325393676758,38.85747146606445
2022-12-23,120.21873474121094,29.689990997314453,37.2761344909668,39.0959587097168
2022-12-27,120.63997650146484,29.74485206604004,37.330718994140625,39.210792541503906
2022-12-28,121.29933166503906,29.96430778503418,37.40348815917969,39.41395568847656
2022-12-29,121.99528503417969,30.30262565612793,37.59450912475586,39.89095687866211
2022-12-30,122.8011474609375,30.284339904785156,37.55812072753906,39.95279312133789
2023-01-03,123.73519897460938,30.640949249267578,38.0129280090332,40.43861389160156
2023-01-04,124.88904571533203,31.21700668334961,38.795204162597656,41.48094177246094
2023-01-05,124.8613510131836,31.153003692626953,38.58597946166992,41.295440673828125
2023-01-06,127.25064086914062,31.46388816833496,38.931644439697266,41.790103912353516
2023-01-09,126.72481536865234,30.988414764404297,38.55870056152344,41.99327087402344
2023-01-10,127.85952758789062,31.198713302612305,38.531410217285156,42.56742858886719
2023-01-11,128.80967712402344,31.436466217041016,38.877071380615234,43.02676010131836
2023-01-12,128.6805419921875,31.518762588500977,38.95893859863281,43.3624267578125
2023-01-13,131.92776489257812,32.21369171142578,40.223304748535156,44.095584869384766
2023-01-17,129.88902282714844,31.564472198486328,40.1323356628418,44.44008255004883
2023-01-18,125.98681640625,30.83296775817871,39.45922088623047,43.662750244140625
2023-01-19,124.3078384399414,30.384923934936523,39.06808853149414,43.60975646972656
2023-01-20,124.61227416992188,30.95183563232422,39.950408935546875,45.12907791137695
2023-01-23,126.63256072998047,31.3815975189209,40.96009063720703,45.91523361206055
2023-01-24,127.72112274169922,31.610193252563477,40.432518005371094,45.420570373535156
2023-01-25,128.33920288085938,31.884506225585938,41.2420768737793,45.844566345214844
2023-01-26,129.13253784179688,32.31426239013672,41.669593811035156,46.10072326660156
2023-01-27,129.44619750976562,32.414852142333984,41.951576232910156,45.809234619140625
2023-01-30,128.3484344482422,32.27769088745117,42.10621643066406,45.712066650390625
2023-01-31,129.11412048339844,32.44227981567383,42.6337890625,46.127227783203125
2023-02-01,128.7727813720703,32.84461212158203,43.052215576171875,46.065406799316406
2023-02-02,128.1731414794922,33.03662872314453,43.23529052734375,46.127227783203125
2023-02-03,130.15652465820312,33.310943603515625,43.55569839477539,45.449283599853516
2023-02-06,130.92222595214844,33.256080627441406,43.64723587036133,45.36900329589844
2023-02-07,132.51815795898438,33.62183380126953,44.05917739868164,45.609859466552734
2023-02-08,131.58642578125,33.37495040893555,44.16902160644531,45.62770080566406
2023-02-09,129.53843688964844,32.661739349365234,43.546539306640625,44.584007263183594
2023-02-10,130.11041259765625,32.53372573852539,43.49161911010742,44.699974060058594
2023-02-13,131.52186584472656,32.59772491455078,44.05917739868164,45.49388122558594
2023-02-14,132.10299682617188,32.57029342651367,44.397884368896484,46.038028717041016
2023-02-15,132.6565399169922,32.51543426513672,43.912715911865234,46.22535705566406
2023-02-16,130.82998657226562,32.25940704345703,43.22614288330078,45.90422058105469
2023-02-17,131.21743774414062,32.32341003417969,43.47331619262695,45.86854553222656
2023-02-21,128.80967712402344,31.564472198486328,42.32902908325195,44.459129333496094
2023-02-22,127.82259368896484,31.354169845581055,42.11848449707031,44.63753128051758
2023-02-23,128.84657287597656,31.326736450195312,42.33818435668945,44.940826416015625
2023-02-24,130.00894165039062,31.281017303466797,42.67689514160156,44.762413024902344
2023-02-27,131.14366149902344,31.281017303466797,42.8233528137207,45.02111053466797
2023-02-28,132.2414093017578,31.363311767578125,42.81420135498047,45.21735763549805
2023-03-01,131.50340270996094,31.21700668334961,42.731807708740234,45.939903259277344
2023-03-02,130.13812255859375,30.82127571105957,41.92625427246094,45.85070037841797
2023-03-03,132.5273895263672,31.437883377075195,42.88743591308594,46.69813919067383
2023-03-06,131.75247192382812,31.373464584350586,42.6860466003418,46.54649353027344
2023-03-07,127.8779525756836,30.37032127380371,40.69043731689453,45.565250396728516
2023-03-08,127.12150573730469,29.965381622314453,40.13202667236328,45.20843505859375
2023-03-09,120.23957061767578,28.106351852416992,37.6512336730957,43.352996826171875
2023-03-10,123.2930908203125,27.857866287231445,37.861778259277344,43.12107467651367
2023-03-13,121.07907104492188,26.238115310668945,35.16129684448242,39.90973663330078
2023-03-14,124.18791961669922,26.46819305419922,36.772430419921875,42.28255844116211
2023-03-15,118.32077026367188,26.21970558166504,35.5640754699707,39.98109436035156
2023-03-16,120.6178207397461,26.66145896911621,35.976016998291016,40.69472122192383
2023-03-17,116.06062316894531,25.603097915649414,34.56626510620117,39.47263717651367
2023-03-20,117.28755950927734,25.538679122924805,34.3099479675293,39.32991409301758
2023-03-21,120.4333267211914,26.311742782592773,35.22537612915039,40.204097747802734
2023-03-22,117.324462890625,25.437440872192383,34.05363845825195,38.99093246459961
2023-03-23,117.01081085205078,24.820831298828125,33.51353073120117,38.759010314941406
2023-03-24,115.23038482666016,24.97728729248047,33.16567611694336,38.455718994140625
2023-03-27,118.532958984375,26.21970558166504,34.30080032348633,39.945411682128906
2023-03-28,118.89273071289062,25.87919807434082,34.03532409667969,40.337913513183594
2023-03-29,119.13258361816406,26.385366439819336,34.758506774902344,40.98910903930664
2023-03-30,118.7728042602539,26.04484748840332,34.218414306640625,41.09614181518555
2023-03-31,120.2119140625,26.32094383239746,34.218414306640625,41.827613830566406
2023-04-03,120.07351684570312,26.311742782592773,34.52965545654297,41.667049407958984
2023-04-04,118.46836853027344,25.750350952148438,33.69662094116211,41.113983154296875
2023-04-05,118.64502716064453,25.437440872192383,33.76985168457031,40.82853317260742
2023-04-06,118.5148696899414,25.62150764465332,34.694419860839844,40.908817291259766
2023-04-10,118.90536499023438,25.713539123535156,35.3626823425293,41.497554779052734
2023-04-11,119.49109649658203,26.422178268432617,36.04009246826172,42.104148864746094
2023-04-12,119.47250366210938,26.210506439208984,35.87531661987305,41.8543701171875
2023-04-13,119.92809295654297,26.28413200378418,36.30557632446289,42.19334411621094
2023-04-14,128.9838104248047,27.167633056640625,36.28725814819336,44.2093620300293
2023-04-17,130.00656127929688,27.94989776611328,37.80685043334961,44.3253173828125
2023-04-18,131.46624755859375,28.124759674072266,38.32864761352539,44.6732177734375
2023-04-19,131.29888916015625,27.664600372314453,38.667354583740234,44.95866012573242
2023-04-20,130.9176788330078,27.517349243164062,38.14556121826172,44.06662368774414
2023-04-21,130.66665649414062,27.4897403717041,37.75193786621094,43.736576080322266
2023-04-24,130.84329223632812,27.388504028320312,37.94417190551758,43.736576080322266
2023-04-25,127.99823760986328,26.541820526123047,37.12028503417969,42.728572845458984
2023-04-26,125.72970581054688,26.173696517944336,36.12248229980469,41.80085372924805
2023-04-27,127.42183685302734,26.58783531188965,36.30557632446289,41.95249938964844
2023-04-28,128.52822875976562,26.946760177612305,36.38795852661133,42.44850158691406
2023-05-01,131.2802734375,26.725881576538086,36.973819732666016,42.61082077026367
2023-05-02,129.1604461669922,25.91600799560547,35.5549201965332,41.483558654785156
2023-05-03,126.4270248413086,25.63991355895996,35.3809928894043,41.18594741821289
2023-05-04,124.69768524169922,24.83924102783203,33.8771858215332,40.4915657043457
2023-05-05,127.13362121582031,25.50186538696289,35.00273132324219,41.77213668823242
2023-05-08,127.44044494628906,25.483461380004883,35.40867614746094,41.8082160949707
2023-05-09,126.82679748535156,25.455852508544922,35.5562858581543,41.95249557495117
2023-05-10,126.89186096191406,25.1429443359375,35.316410064697266,41.817222595214844
2023-05-11,126.49211120605469,25.207368850708008,35.36254119873047,41.5106086730957
2023-05-12,124.6791000366211,24.9312686920166,34.58757019042969,40.987552642822266
2023-05-15,125.72970581054688,25.446645736694336,35.76846694946289,41.52864074707031
2023-05-16,124.88365936279297,25.17975616455078,35.41789245605469,40.83424758911133
2023-05-17,128.72348022460938,26.2933349609375,37.327632904052734,42.457523345947266
2023-05-18,129.69972229003906,26.20130157470703,37.09699249267578,41.835269927978516
2023-05-19,129.40219116210938,25.869993209838867,36.93092346191406,41.22203063964844
2023-05-22,128.33297729492188,26.081661224365234,37.80738067626953,41.2941780090332
2023-05-23,126.99415588378906,26.302541732788086,38.019569396972656,41.40239334106445
2023-05-24,125.83196258544922,25.860788345336914,37.70589065551758,40.12181091308594
2023-05-25,126.13880157470703,25.92521095275879,37.733577728271484,39.8873405456543
2023-05-26,127.319580078125,26.054054260253906,38.038021087646484,40.22101593017578
2023-05-30,127.80301666259766,26.00803565979004,37.80738067626953,40.311187744140625
2023-05-31,126.17598724365234,25.575490951538086,36.72796630859375,39.968502044677734
2023-06-01,127.91460418701172,25.77029800415039,36.95860290527344,40.43745422363281
2023-06-02,130.6015625,26.633020401000977,38.04725646972656,41.77213668823242
2023-06-05,129.31849670410156,26.47532081604004,37.31841278076172,41.70000076293945
2023-06-06,129.5509796142578,27.115402221679688,38.06570816040039,42.58376693725586
2023-06-07,130.80613708496094,27.347314834594727,38.81299591064453,43.29621124267578
2023-06-08,130.84329223632812,27.115402221679688,39.08976745605469,43.37736511230469
2023-06-09,131.10365295410156,27.152509689331055,38.868350982666016,43.55773162841797
2023-06-12,131.09434509277344,27.022634506225586,38.59157943725586,43.69300842285156
2023-06-13,132.04270935058594,27.273103713989258,39.34809494018555,43.90944290161133
2023-06-14,131.54989624023438,27.01336097717285,38.82221221923828,43.503623962402344
2023-06-15,133.0375213623047,27.245275497436523,39.080543518066406,43.79220962524414
2023-06-16,133.19557189941406,27.078298568725586,38.91447448730469,43.458534240722656
2023-06-20,132.51686096191406,26.781444549560547,38.64692306518555,42.93548583984375
2023-06-21,132.32162475585938,26.50314712524414,38.425506591796875,42.75511932373047
2023-06-22,129.77410888671875,25.937274932861328,37.881187438964844,42.051700592041016
2023-06-23,129.09539794921875,25.742467880249023,37.46603012084961,41.5015869140625
2023-06-26,129.4114990234375,26.057870864868164,37.447566986083984,41.70000076293945
2023-06-27,129.42080688476562,26.197019577026367,37.742801666259766,41.84428787231445
2023-06-28,128.8536376953125,26.03931999206543,37.475250244140625,41.69097137451172
2023-06-29,133.35362243652344,26.586641311645508,39.16357421875,41.745086669921875
2023-06-30,135.222412109375,26.614465713500977,39.375770568847656,41.519630432128906
2023-07-03,136.3102264404297,27.087574005126953,40.04003143310547,42.15090560913086
2023-07-05,135.4021759033203,26.97625160217285,40.11383056640625,42.205013275146484
2023-07-06,134.0635223388672,26.234127044677734,39.56950759887695,40.9244270324707
2023-07-07,135.12130737304688,26.466041564941406,39.45880126953125,41.24908447265625
2023-07-10,135.8795928955078,26.586641311645508,39.04364013671875,41.18594741821289
2023-07-11,138.00460815429688,26.920595169067383,39.431129455566406,41.96152114868164
2023-07-12,138.68798828125,27.23599624633789,39.910865783691406,42.72806167602539
2023-07-13,139.3619842529297,27.523571014404297,40.326019287109375,42.99860763549805
2023-07-14,140.2045135498047,27.00408172607422,40.18764114379883,41.25810623168945
2023-07-17,143.58395385742188,27.273103713989258,41.27629089355469,41.7180290222168
2023-07-18,143.84609985351562,28.47905731201172,42.0697021484375,42.403411865234375
2023-07-19,144.39840698242188,29.249013900756836,42.67860794067383,42.85432052612305
2023-07-20,146.1770477294922,29.397436141967773,43.481258392333984,42.75511932373047
2023-07-21,145.05369567871094,29.66645622253418,42.40182876586914,42.430458068847656
2023-07-24,147.9088897705078,30.28798484802246,42.82622146606445,42.980567932128906
2023-07-25,146.80426025390625,29.82415771484375,41.9589958190918,42.46653747558594
2023-07-26,147.6842041015625,30.065345764160156,42.844669342041016,42.827266693115234
2023-07-27,146.05535888671875,29.638628005981445,42.226539611816406,43.17897033691406
2023-07-28,146.8885040283203,29.592243194580078,42.56789779663086,42.75511932373047
2023-07-31,147.87147521972656,29.68501091003418,42.58634948730469,42.980567932128906
2023-08-01,147.14125061035156,29.332502365112305,42.17119216918945,42.44850158691406
2023-08-02,145.47494506835938,28.93360710144043,41.608421325683594,41.76311492919922
2023-08-03,146.36428833007812,29.13768768310547,41.98033142089844,41.672943115234375
2023-08-04,146.05535888671875,29.035646438598633,41.70139694213867,41.7003059387207
2023-08-07,146.74810791015625,29.57369041442871,41.89665222167969,41.80978775024414
2023-08-08,145.92428588867188,29.00782012939453,41.35736846923828,41.198551177978516
2023-08-09,143.96775817871094,28.627483367919922,40.65073013305664,40.541709899902344
2023-08-10,143.75245666503906,28.70169448852539,40.6042366027832,40.45048522949219
2023-08-11,144.58563232421875,29.0263729095459,40.66001892089844,40.66030502319336
2023-08-14,144.88519287109375,28.692420959472656,40.6693229675293,40.23153305053711
2023-08-15,141.1968231201172,27.774038314819336,39.730224609375,39.41960144042969
2023-08-16,140.5977020263672,27.171058654785156,39.25602722167969,38.89960861206055
2023-08-17,139.1373291015625,27.16178321838379,39.48848342895508,38.73539733886719
2023-08-18,139.45562744140625,27.00408172607422,39.5163688659668,38.5438232421875
2023-08-21,139.93304443359375,27.04118537902832,39.50707244873047,38.37960433959961
2023-08-22,137.03102111816406,26.38255500793457,38.58658218383789,37.421714782714844
2023-08-23,137.95782470703125,26.39183235168457,38.6888542175293,37.47645568847656
2023-08-24,137.82675170898438,26.549531936645508,38.52149200439453,37.47645568847656
2023-08-25,137.65823364257812,26.438213348388672,38.33552932739258,37.62241744995117
2023-08-28,138.1356658935547,26.679401397705078,38.93989944458008,37.695396423339844
2023-08-29,139.25901794433594,27.059741973876953,39.05147171020508,38.06031036376953
2023-08-30,138.69735717773438,26.93914794921875,38.6237678527832,37.74101638793945
2023-08-31,136.9842071533203,26.817546844482422,38.39131546020508,37.668025970458984
2023-09-01,137.4429473876953,27.107519149780273,38.726043701171875,37.941715240478516
2023-09-05,135.92640686035156,26.798839569091797,38.6237678527832,37.73189163208008
2023-09-06,135.7017364501953,26.555641174316406,38.14027786254883,37.74101638793945
2023-09-07,134.5409393310547,26.312435150146484,37.5916862487793,37.15715026855469
2023-09-08,134.64389038085938,26.527576446533203,38.12166976928711,37.02943420410156
2023-09-11,135.23367309570312,26.639820098876953,38.42850875854492,37.02943420410156
2023-09-12,136.9936065673828,27.098161697387695,39.55356979370117,38.02381896972656
2023-09-13,137.05909729003906,27.01397705078125,39.28391647338867,38.653297424316406
2023-09-14,139.71774291992188,27.313302993774414,40.02775573730469,39.35574722290039
2023-09-15,139.30584716796875,26.976560592651367,39.93478012084961,38.96347427368164
2023-09-18,139.59603881835938,26.901729583740234,40.38107681274414,38.89960861206055
2023-09-19,139.41815185546875,26.798839569091797,40.185821533203125,38.93609619140625
2023-09-20,138.82843017578125,26.70530128479004,39.86039352416992,38.58943176269531
2023-09-21,137.74249267578125,26.237606048583984,39.34901428222656,38.051185607910156
2023-09-22,136.4225616455078,25.854095458984375,38.33552932739258,37.33049011230469
2023-09-25,137.09657287597656,25.816680908203125,38.642364501953125,37.421714782714844
2023-09-26,135.67364501953125,25.414464950561523,37.79624557495117,36.69189453125
2023-09-27,136.46937561035156,25.508005142211914,37.99150085449219,36.91083908081055
2023-09-28,138.1637725830078,25.779266357421875,38.03799057006836,37.5859260559082
2023-09-29,135.75791931152344,25.61089515686035,37.99150085449219,37.522064208984375
2023-10-02,134.58773803710938,24.974834442138672,36.82926559448242,36.94732666015625
2023-10-03,133.59542846679688,24.235881805419922,35.95524597167969,36.363468170166016
2023-10-04,134.19459533691406,24.263938903808594,36.234188079833984,36.31785583496094
2023-10-05,134.7603759765625,24.37618637084961,36.541015625,36.381717681884766
2023-10-06,136.8350830078125,24.385540008544922,36.90364074707031,37.01118469238281
2023-10-09,136.52386474609375,24.610031127929688,36.91293716430664,37.16627883911133
2023-10-10,137.35372924804688,25.264802932739258,37.024513244628906,37.804874420166016
2023-10-11,137.8252716064453,25.27415657043457,36.90364074707031,37.8869743347168
2023-10-12,137.504638671875,25.16191291809082,36.95012664794922,37.8869743347168
2023-10-13,139.5698699951172,25.03095817565918,38.08448791503906,37.79574203491211
2023-10-16,139.42843627929688,25.246095657348633,38.726043701171875,37.35785675048828
2023-10-17,139.12669372558594,25.835390090942383,39.032875061035156,37.5859260559082
2023-10-18,137.59893798828125,25.545421600341797,38.61446762084961,36.91995620727539
2023-10-19,137.01425170898438,25.218032836914062,38.289039611816406,36.54592514038086
2023-10-20,134.80755615234375,24.610031127929688,37.442928314208984,36.19926071166992
2023-10-23,132.96859741210938,23.917842864990234,36.7083854675293,35.47856140136719
2023-10-24,133.12892150878906,23.824308395385742,36.52241897583008,35.515045166015625
2023-10-25,132.4027862548828,23.899139404296875,36.289981842041016,35.22311782836914
2023-10-26,132.74227905273438,24.432308197021484,36.86644744873047,35.88908767700195
2023-10-27,127.9610824584961,23.543691635131836,36.03893280029297,34.88557815551758
2023-10-30,129.59251403808594,24.03009605407715,36.66189193725586,35.515045166015625
2023-10-31,131.1390838623047,24.638093948364258,36.97802734375,36.02592849731445
2023-11-01,131.02593994140625,24.694217681884766,36.82926559448242,36.12628173828125
2023-11-02,133.3646697998047,25.835390090942383,38.001869201660156,37.72275924682617
2023-11-03,134.85470581054688,26.58370018005371,39.04313659667969,39.05350112915039
2023-11-06,135.8731689453125,26.499515533447266,38.78047561645508,38.850196838378906
2023-11-07,135.8071746826172,26.340497970581055,38.49905014038086,38.77626419067383
2023-11-08,136.47671508789062,26.08794593811035,38.44276428222656,38.646888732910156
2023-11-09,136.07119750976562,25.751203536987305,37.898677825927734,38.351165771484375
2023-11-10,138.0893096923828,25.89151382446289,38.35834503173828,38.88716125488281
2023-11-13,137.476318359375,25.910221099853516,38.245765686035156,39.46012496948242
2023-11-14,139.98483276367188,27.332006454467773,39.47465896606445,40.994163513183594
2023-11-15,141.21078491210938,27.706165313720703,40.18760681152344,41.47470474243164
2023-11-16,142.82339477539062,27.631332397460938,39.89680480957031,41.280643463134766
2023-11-17,144.11534118652344,28.04290199279785,40.3001708984375,41.918296813964844
2023-11-20,144.5585479736328,28.070964813232422,40.14070510864258,41.82587814331055
2023-11-21,144.25677490234375,27.743581771850586,39.962459564208984,41.66877746582031
2023-11-22,144.59628295898438,27.715517044067383,40.13132095336914,41.604087829589844
2023-11-24,144.79432678222656,27.809059143066406,40.26264953613281,41.79815673828125
2023-11-27,144.46426391601562,27.650039672851562,40.356468200683594,41.6595344543457
2023-11-28,144.79432678222656,27.621980667114258,40.684783935546875,41.45622634887695
2023-11-29,145.52989196777344,28.351581573486328,41.06940841674805,42.27870559692383
2023-11-30,147.1896514892578,28.74757957458496,41.829254150390625,42.602142333984375
2023-12-01,147.90635681152344,29.190717697143555,42.23263168334961,43.64640426635742
2023-12-04,148.99085998535156,29.058717727661133,42.326446533203125,43.77578353881836
2023-12-05,148.9719696044922,28.83243751525879,41.73544692993164,43.1566162109375
2023-12-06,147.40655517578125,28.785293579101562,41.74482727050781,44.22860336303711
2023-12-07,147.85922241210938,28.907865524291992,42.589111328125,44.820045471191406
2023-12-08,149.4906463623047,29.190717697143555,43.24576187133789,45.18044662475586
2023-12-11,150.03762817382812,29.08700942993164,43.151954650878906,44.496604919433594
2023-12-12,151.3767547607422,28.983293533325195,43.592857360839844,44.413429260253906
2023-12-13,151.88600158691406,30.209001541137695,44.802982330322266,45.5963020324707
2023-12-14,154.6491241455078,32.00041961669922,47.382720947265625,46.42802047729492
2023-12-15,155.8184814453125,31.67984962463379,47.195106506347656,46.049129486083984
2023-12-18,156.761474609375,31.519569396972656,46.585350036621094,45.892024993896484
2023-12-19,158.85504150390625,31.594989776611328,46.988731384277344,47.06566619873047
2023-12-20,157.06329345703125,31.095277786254883,46.28516387939453,46.270912170410156
2023-12-21,157.9591522216797,31.302711486816406,46.38835525512695,46.76070785522461
2023-12-22,157.8648681640625,31.519569396972656,46.13507080078125,47.000980377197266
2023-12-26,158.79847717285156,31.92499542236328,46.56658935546875,47.444557189941406
2023-12-27,159.7509307861328,31.906139373779297,46.27578353881836,47.55544662475586
2023-12-28,160.5996856689453,31.9438533782959,46.41649627685547,47.61090087890625
2023-12-29,160.41107177734375,31.7458438873291,46.17259979248047,47.536964416503906
2024-01-02,162.2783203125,31.962705612182617,46.27578353881836,49.015567779541016
2024-01-03,161.57098388671875,31.613847732543945,45.6660270690918,49.57004165649414
2024-01-04,162.64320373535156,31.868425369262695,46.228885650634766,49.690185546875
2024-01-05,163.459228515625,32.46241760253906,46.82925033569336,50.20769500732422
2024-01-08,163.2220001220703,32.207855224609375,46.82925033569336,49.91196823120117
2024-01-09,161.9315948486328,31.70814323425293,46.23825454711914,49.422183990478516
2024-01-10,162.27316284179688,31.67984962463379,46.0412712097168,48.9970817565918
2024-01-11,161.58999633789062,31.255571365356445,46.00373840332031,48.12841033935547
2024-01-12,160.40391540527344,30.92557144165039,44.46528244018555,48.627437591552734
2024-01-16,159.3981170654297,30.284427642822266,43.92118835449219,47.9343376159668
2024-01-17,158.54415893554688,29.982715606689453,43.78047180175781,47.463043212890625
2024-01-18,158.85726928710938,29.916715621948242,43.5647087097168,47.23200988769531
2024-01-19,161.59945678710938,30.37871742248535,45.14069366455078,47.61090087890625
2024-01-22,161.40969848632812,30.689855575561523,45.52531814575195,48.83074188232422
2024-01-23,160.34698486328125,30.897281646728516,46.07878875732422,49.25584030151367
2024-01-24,161.77976989746094,31.095277786254883,46.42588424682617,49.2188720703125
2024-01-25,164.09495544433594,31.481847763061523,46.79173278808594,49.65321350097656
2024-01-26,163.46871948242188,31.519569396972656,47.204490661621094,49.59777069091797
2024-01-29,163.89569091796875,31.689279556274414,47.23263168334961,50.0043830871582
2024-01-30,167.254638671875,32.801849365234375,48.02062225341797,52.75827407836914
2024-01-31,165.44235229492188,32.06641387939453,47.073158264160156,51.9080696105957
2024-02-01,164.84457397460938,31.632705688476562,46.03401565551758,51.80642318725586
2024-02-02,165.79339599609375,31.55728530883789,46.44023132324219,51.81575393676758
2024-02-05,165.57518005371094,31.10470962524414,46.005672454833984,50.84549331665039
2024-02-06,166.14450073242188,31.151853561401367,45.61836242675781,50.705543518066406
2024-02-07,166.45761108398438,31.283851623535156,45.79784393310547,50.88280487060547
2024-02-08,165.8598175048828,31.227277755737305,45.67503356933594,50.64957809448242
2024-02-09,166.05906677246094,31.18013572692871,45.40108108520508,50.369686126708984
2024-02-12,166.7991943359375,31.698705673217773,46.213497161865234,50.304378509521484
2024-02-13,165.34742736816406,30.878427505493164,45.57112503051758,49.22216796875
2024-02-14,167.02691650390625,31.236711502075195,45.8450813293457,50.360355377197266
2024-02-15,170.67051696777344,32.12299728393555,49.160884857177734,51.50788116455078
2024-02-16,169.8734893798828,32.141849517822266,49.03807830810547,51.17202377319336
2024-02-20,170.53768920898438,32.019283294677734,48.90582275390625,51.703800201416016
2024-02-21,171.64785766601562,31.774139404296875,49.74658966064453,51.619834899902344
2024-02-22,173.70687866210938,31.689279556274414,50.41730499267578,52.151611328125
2024-02-23,174.57981872558594,31.981565475463867,50.880191802978516,52.17959976196289
2024-02-26,173.9820098876953,31.689279556274414,51.135257720947266,51.647823333740234
2024-02-27,174.0674285888672,32.32099151611328,51.77763748168945,51.97434616088867
2024-02-28,174.94985961914062,32.349281311035156,51.69261932373047,51.35860824584961
2024-02-29,176.54396057128906,32.77655029296875,52.514488220214844,51.769107818603516
2024-03-01,175.8133087158203,32.61513137817383,52.01380920410156,51.871726989746094
2024-03-04,177.1322021484375,33.37472915649414,52.72231674194336,52.37551498413086
2024-03-05,178.9066162109375,33.60260772705078,53.46860885620117,52.48746871948242
2024-03-06,179.83645629882812,33.63109588623047,53.95038986206055,53.44840621948242
2024-03-07,178.2613525390625,33.83049011230469,53.84647750854492,53.849571228027344
2024-03-08,178.5934600830078,33.802001953125,53.91260528564453,53.653656005859375
2024-03-11,178.6598663330078,34.07735824584961,53.931495666503906,53.56036376953125
2024-03-12,180.130615234375,34.143821716308594,54.4227294921875,53.59767532348633
2024-03-13,181.59185791015625,34.25776290893555,54.62111282348633,53.88688659667969
2024-03-14,178.35623168945312,33.887454986572266,54.196006774902344,53.261817932128906
2024-03-15,180.5670928955078,33.6215934753418,54.32826232910156,53.746952056884766
2024-03-18,182.80638122558594,34.1912956237793,54.573875427246094,54.69855499267578
2024-03-19,183.8785858154297,34.21028518676758,53.85592269897461,54.91312789916992
2024-03-20,186.2886962890625,34.8939208984375,54.12987518310547,56.09796905517578
2024-03-21,188.87905883789062,35.61553955078125,54.649452209472656,57.217506408691406
2024-03-22,186.56385803222656,35.17877197265625,53.96928787231445,56.741695404052734
2024-03-25,184.85592651367188,34.99836730957031,53.5914192199707,56.86298370361328
2024-03-26,185.71939086914062,35.21674728393555,53.54418182373047,57.52537536621094
2024-03-27,189.31552124023438,35.900386810302734,54.4227294921875,58.54228591918945
2024-03-28,190.0556640625,36.00483322143555,54.753360748291016,58.99942398071289
2024-04-01,188.7652130126953,35.62503433227539,54.4227294921875,59.20467758178711
2024-04-02,188.6892852783203,35.41614532470703,54.1771125793457,58.62624740600586
2024-04-03,188.15792846679688,35.549072265625,53.96928787231445,57.55335998535156
2024-04-04,186.72633361816406,35.055335998535156,53.54418182373047,56.82566452026367
2024-04-05,188.44424438476562,35.23574447631836,54.22434997558594,57.469390869140625
2024-04-08,189.42726135253906,35.606048583984375,54.59276580810547,57.59068298339844
2024-04-09,188.15792846679688,35.824424743652344,54.39439010620117,57.52537536621094
2024-04-10,186.55453491210938,34.798973083496094,53.78980255126953,56.144615173339844
2024-04-11,186.51637268066406,34.514122009277344,53.55363464355469,56.63907241821289
2024-04-12,174.452880859375,33.98240661621094,53.34579849243164,55.67814636230469
2024-04-15,174.54830932617188,34.13432312011719,53.818138122558594,54.63324737548828
2024-04-16,172.55364990234375,32.928470611572266,53.289119720458984,53.196510314941406
2024-04-17,171.86648559570312,33.450687408447266,54.01652145385742,54.26939392089844
2024-04-18,172.98313903808594,33.96341323852539,55.490211486816406,54.40933609008789
2024-04-19,177.32562255859375,35.102813720703125,57.011131286621094,55.174346923828125
2024-04-22,180.77096557617188,35.824424743652344,57.719642639160156,56.86298370361328
2024-04-23,183.3764190673828,36.432098388671875,57.56849670410156,58.467647552490234
2024-04-24,184.27359008789062,36.38462448120117,57.2473030090332,58.281063079833984
2024-04-25,184.5503387451172,35.995330810546875,56.614376068115234,57.64665603637695
2024-04-26,184.66485595703125,35.919376373291016,56.59548568725586,58.45832061767578
2024-04-29,184.46441650390625,35.65351486206055,56.49156951904297,58.08514404296875
2024-04-30,182.9946746826172,35.140785217285156,56.038124084472656,57.217506408691406
2024-05-01,183.10919189453125,35.08381652832031,56.2270622253418,57.23616027832031
2024-05-02,182.9183349609375,35.017356872558594,56.51991653442383,57.41341781616211
2024-05-03,181.82077026367188,35.36866760253906,56.62382507324219,57.89335632324219
2024-05-06,183.24282836914062,35.786441802978516,56.859989166259766,59.10731506347656
2024-05-07,183.0042266845703,35.928871154785156,56.926116943359375,58.345054626464844
2024-05-08,186.72633361816406,35.80543518066406,57.84245681762695,59.050846099853516
2024-05-09,188.49195861816406,36.346649169921875,58.22249221801758,59.58723831176758
2024-05-10,189.7040557861328,36.508060455322266,58.80206298828125,59.78485870361328
2024-05-13,189.6658477783203,36.280181884765625,58.2034912109375,59.662532806396484
2024-05-14,192.3190460205078,36.54603958129883,58.80206298828125,59.84132385253906
2024-05-15,192.8916778564453,36.944828033447266,59.229610443115234,60.45301055908203
2024-05-16,193.23529052734375,37.23917770385742,58.01347351074219,60.35890197753906
2024-05-17,195.44944763183594,37.305633544921875,58.032474517822266,60.29302978515625
2024-05-20,186.65953063964844,36.859375,57.67142868041992,59.43667984008789
2024-05-21,190.41983032226562,37.6474609375,58.393516540527344,60.92353439331055
2024-05-22,189.26504516601562,37.75189971923828,57.88995361328125,60.05776596069336
2024-05-23,187.9384307861328,37.19169616699219,56.70232391357422,59.304927825927734
2024-05-24,191.5555419921875,37.69493103027344,57.205875396728516,59.8319091796875
2024-05-28,190.40074157714844,37.33412170410156,56.512306213378906,58.768524169921875
2024-05-29,189.07412719726562,36.764427185058594,55.8187255859375,58.35446548461914
2024-05-30,190.2384796142578,36.67897033691406,56.25577926635742,58.2791862487793
2024-05-31,193.38800048828125,37.97028350830078,56.93035125732422,58.63679122924805
2024-06-03,192.6149139404297,37.8658447265625,56.37928771972656,58.269775390625
2024-06-04,190.07623291015625,37.67593765258789,55.77122116088867,57.43223571777344
2024-06-05,188.26290893554688,37.94179916381836,55.75221633911133,58.12862014770508
2024-06-06,187.92889404296875,37.69493103027344,54.84961700439453,58.288597106933594
2024-06-07,190.83023071289062,38.00061798095703,55.448184967041016,58.13802719116211
2024-06-10,190.50570678710938,37.895538330078125,55.03963851928711,57.80866622924805
2024-06-11,185.49517822265625,37.121768951416016,54.27955627441406,55.653656005859375
2024-06-12,182.79428100585938,37.647159576416016,54.441078186035156,56.47236633300781
2024-06-13,184.8271026611328,37.50387191772461,54.41257095336914,56.67940139770508
2024-06-14,184.941650390625,37.48476791381836,54.53607940673828,55.832462310791016
2024-06-17,186.08689880371094,37.74269104003906,55.334171295166016,56.519432067871094
2024-06-18,188.0147705078125,38.20122146606445,56.103755950927734,57.19697952270508
2024-06-20,189.6085968017578,38.20122146606445,56.01824951171875,57.04641342163086
2024-06-21,187.34671020507812,37.72359085083008,55.20115280151367,56.45354461669922
2024-06-24,189.80902099609375,38.229881286621094,56.065757751464844,57.72396469116211
2024-06-25,189.03594970703125,37.61851119995117,54.346065521240234,57.9498176574707
2024-06-26,188.42514038085938,37.25550842285156,54.16553497314453,57.63926696777344
2024-06-27,190.0857696533203,37.49432373046875,54.55508804321289,57.92158508300781
2024-06-28,193.0348358154297,37.991065979003906,56.426795959472656,59.71898651123047
2024-07-01,196.079345703125,38.2203254699707,57.566917419433594,59.690757751464844
2024-07-02,199.30520629882812,39.099178314208984,57.92796325683594,60.86707305908203
2024-07-03,199.17160034179688,39.07052230834961,57.6334342956543,60.6600341796875
2024-07-05,196.53245544433594,38.60243606567383,56.645320892333984,60.25539016723633
2024-07-08,196.89715576171875,38.803043365478516,56.065757751464844,60.92353439331055
2024-07-09,199.25796508789062,39.567256927490234,56.8923454284668,62.6268310546875
2024-07-10,199.4210968017578,39.87294387817383,56.74032974243164,63.03147888183594
2024-07-11,199.085205078125,39.939815521240234,57.15837478637695,61.83634567260742
2024-07-12,196.6764373779297,39.72965621948242,53.718990325927734,60.71649932861328
2024-07-15,201.5803985595703,40.01622772216797,54.84961700439453,61.299957275390625
2024-07-16,205.0064239501953,42.156036376953125,57.23439025878906,63.30438995361328
2024-07-17,208.12539672851562,42.01274871826172,57.87095642089844,63.62433624267578
2024-07-18,201.51318359375,41.08613967895508,56.284278869628906,61.064693450927734
2024-07-19,201.32127380371094,40.98106002807617,56.27477264404297,61.299957275390625
2024-07-22,201.80108642578125,40.407894134521484,56.189266204833984,60.69768142700195
2024-07-23,201.8490753173828,40.512969970703125,56.69282150268555,60.8482551574707
2024-07-24,200.17922973632812,40.30281066894531,56.47429275512695,59.90719985961914
2024-07-25,200.25601196289062,39.81563186645508,56.72132873535156,60.57535171508789
2024-07-26,203.68209838867188,39.80607223510742,57.37689971923828,61.33759689331055
2024-07-29,202.34811401367188,39.252017974853516,56.616817474365234,60.50947570800781
2024-07-30,206.5131378173828,39.43352127075195,57.01586151123047,61.9869270324707
2024-07-31,204.219482421875,38.50690841674805,56.37928771972656,61.05527877807617
2024-08-01,199.5746612548828,37.7331428527832,54.042030334472656,59.549598693847656
2024-08-02,191.1102752685547,35.89902877807617,50.60264587402344,55.29605484008789
2024-08-05,187.041259765625,35.01062774658203,49.5195198059082,53.40534591674805
2024-08-06,192.26190185546875,35.2685432434082,49.7475471496582,53.737892150878906
2024-08-07,192.3194580078125,35.631553649902344,49.6810417175293,53.31034469604492
2024-08-08,195.83189392089844,36.5008430480957,50.12759017944336,55.10603713989258
2024-08-09,197.50173950195312,36.56770706176758,50.510536193847656,54.95402145385742
2024-08-12,197.87603759765625,36.46263122558594,49.84038162231445,54.95402145385742
2024-08-13,199.55548095703125,36.73965835571289,50.615840911865234,55.24855041503906
2024-08-14,201.76272583007812,37.07400131225586,51.372161865234375,56.322174072265625
2024-08-15,203.01988220214844,37.2841682434082,52.24335861206055,57.50029754638672
2024-08-16,205.34230041503906,37.580299377441406,52.97096252441406,58.33639907836914
2024-08-19,206.76263427734375,37.895538330078125,54.043212890625,58.93495178222656
2024-08-20,205.87014770507812,36.959373474121094,53.75600051879883,58.250885009765625
2024-08-21,205.9468994140625,37.01668930053711,53.095420837402344,57.509803771972656
2024-08-22,207.89505004882812,37.48476791381836,53.574100494384766,57.40528869628906
2024-08-23,209.50732421875,37.991065979003906,54.282554626464844,59.03947067260742
2024-08-26,210.3326416015625,38.13435363769531,54.30169677734375,58.70693588256836
2024-08-27,211.30189514160156,37.895538330078125,53.861305236816406,58.602420806884766
2024-08-28,212.36715698242188,38.16301727294922,54.63677215576172,58.50741195678711
2024-08-29,213.2500457763672,38.373172760009766,54.90483093261719,58.792442321777344
2024-08-30,215.73562622070312,38.92723083496094,55.97708511352539,59.5145263671875
2024-09-03,211.41708374023438,38.87946701049805,55.881343841552734,58.393394470214844
2024-09-04,210.48617553710938,38.688411712646484,55.642005920410156,57.91834259033203
2024-09-05,208.854736328125,38.344520568847656,54.435733795166016,57.60481262207031
2024-09-06,203.89320373535156,37.26763153076172,51.697669982910156,56.141658782958984
2024-09-09,208.0677947998047,37.95030212402344,52.262516021728516,56.5692024230957
2024-09-10,197.2714385986328,37.76761245727539,51.64979934692383,55.058536529541016
2024-09-11,198.87408447265625,37.49839782714844,51.43918228149414,54.44096374511719
2024-09-12,198.26947021484375,37.286869049072266,49.37126922607422,54.4694709777832
2024-09-13,196.0814208984375,37.16187286376953,50.52968215942383,54.792503356933594
2024-09-16,199.4786834716797,37.594547271728516,51.49662399291992,55.47658157348633
2024-09-17,200.8126220703125,38.0272216796875,52.18592071533203,56.3316764831543
2024-09-18,199.16197204589844,38.09453201293945,51.94657897949219,56.911231994628906
2024-09-19,201.99301147460938,39.2963981628418,53.42091751098633,59.87556076049805
2024-09-20,202.57843017578125,38.71949768066406,53.89002990722656,59.03947067260742
2024-09-23,202.9143524169922,38.334896087646484,52.76034164428711,59.45751190185547
2024-09-24,203.05828857421875,37.93107223510742,51.85084533691406,58.307884216308594
2024-09-25,201.71475219726562,37.73876953125,51.32429885864258,57.367286682128906
2024-09-26,201.32127380371094,37.998374938964844,53.98577117919922,58.630916595458984
2024-09-27,202.0122528076172,37.88299560546875,53.51666259765625,58.78293991088867
2024-09-30,202.3577117919922,38.152217864990234,54.081512451171875,59.47651672363281
2024-10-01,198.69171142578125,37.709930419921875,53.02840042114258,58.72593688964844
2024-10-02,198.93167114257812,37.719539642333984,52.94224166870117,58.93495178222656
2024-10-03,196.9547119140625,37.73876953125,52.63588333129883,58.250885009765625
2024-10-04,203.94537353515625,38.56565856933594,54.531463623046875,59.5145263671875
2024-10-07,203.66534423828125,38.42143249511719,54.722938537597656,59.47651672363281
2024-10-08,203.49156188964844,38.3925895690918,54.85697555541992,60.08458709716797
2024-10-09,206.069580078125,38.642578125,55.08673858642578,60.92068099975586
2024-10-10,205.5095977783203,38.43104934692383,55.28778076171875,60.31260299682617
2024-10-11,214.63409423828125,40.334815979003906,58.389644622802734,62.45984649658203
2024-10-14,213.8520050048828,40.296356201171875,59.5097541809082,62.716373443603516
2024-10-15,214.73065185546875,40.51749801635742,60.34266662597656,59.5145263671875
2024-10-16,215.9376220703125,41.1520881652832,61.16600036621094,61.044193267822266
2024-10-17,216.69076538085938,40.95978546142578,61.635101318359375,60.778160095214844
2024-10-18,217.6080322265625,40.69057083129883,61.61595916748047,59.71404266357422
2024-10-21,215.3196563720703,40.152130126953125,61.29045104980469,58.744937896728516
2024-10-22,216.4010772705078,40.67133712768555,62.04677200317383,60.38862228393555
2024-10-23,215.7155303955078,40.70979690551758,61.80743408203125,59.95156478881836
2024-10-24,217.2314453125,41.00785827636719,62.64033508300781,59.856563568115234
2024-10-25,214.65342712402344,40.27711868286133,61.778709411621094,58.67842483520508
2024-10-28,217.7335662841797,40.9790153503418,62.81266403198242,60.95868682861328
2024-10-29,215.2230987548828,40.892478942871094,62.51588439941406,61.46223831176758
2024-10-30,216.68112182617188,40.68095397949219,62.6212043762207,61.28171157836914
2024-10-31,214.27684020996094,40.20982360839844,62.15208435058594,60.968177795410156
2024-11-01,215.26171875,40.152130126953125,61.92231369018555,60.531131744384766
2024-11-04,212.21055603027344,39.73868942260742,60.98410415649414,59.76430892944336
2024-11-05,213.86167907714844,40.26751708984375,61.33831787109375,61.029571533203125
2024-11-06,238.55101013183594,43.66160202026367,69.38018035888672,66.16728973388672
2024-11-07,228.23883056640625,43.04623794555664,66.84318542480469,65.28543853759766
2024-11-08,228.8181610107422,43.39237594604492,67.44015502929688,65.78387451171875
2024-11-11,231.04859924316406,44.30580139160156,69.86661529541016,66.90535736083984
2024-11-12,231.30931091308594,44.094276428222656,69.9051284790039,66.15768432617188
2024-11-13,232.8542022705078,44.1038818359375,70.06880950927734,66.03308868408203
2024-11-14,233.5397491455078,44.13273239135742,70.09770965576172,65.32378387451172
2024-11-15,236.86126708984375,44.95000076293945,71.5805435180664,65.90847778320312
2024-11-18,236.59091186523438,44.92115783691406,71.33982849121094,66.1385269165039
2024-11-19,234.71771240234375,44.62309265136719,70.7043228149414,65.755126953125
2024-11-20,232.4873046875,44.28657150268555,70.8487548828125,65.4483871459961
2024-11-21,236.3302001953125,44.67116928100586,72.05236053466797,66.09060668945312
2024-11-22,239.98968505859375,45.190372467041016,73.14039611816406,66.94369506835938
2024-11-25,241.66973876953125,45.67112731933594,74.04551696777344,67.81594848632812
2024-11-26,241.36077880859375,45.9114990234375,74.47881317138672,66.857421875
2024-11-27,241.18698120117188,45.93073272705078,74.34400177001953,67.25043487548828
2024-11-29,241.119384765625,45.68073654174805,73.34261322021484,67.93099212646484
2024-12-02,237.76889038085938,45.22883605957031,72.48564147949219,68.42941284179688
2024-12-03,236.3881378173828,45.01730728149414,71.38796997070312,68.45816802978516
2024-12-04,235.0170440673828,44.584632873535156,70.34805297851562,68.53484344482422
2024-12-05,237.02542114257812,45.190372467041016,70.92578125,69.23458099365234
2024-12-06,238.84066772460938,45.200042724609375,71.57091522216797,69.15790557861328
2024-12-09,235.4129180908203,44.38789367675781,69.92439270019531,68.87992095947266
2024-12-10,234.4956512451172,44.23319625854492,69.37554931640625,69.49337768554688
2024-12-11,235.142578125,44.55226135253906,68.94224548339844,68.97576904296875
2024-12-12,233.21145629882812,44.55226135253906,68.17195129394531,68.46776580810547
2024-12-13,231.6762237548828,44.155845642089844,67.82530975341797,68.06517791748047
2024-12-16,231.32861328125,43.96248245239258,69.30815124511719,68.5252685546875
2024-12-17,230.150634765625,43.55640411376953,68.18155670166016,68.17061614990234
2024-12-18,222.43580627441406,42.057796478271484,66.20767211914062,65.2950210571289
2024-12-19,224.93661499023438,41.941776275634766,66.29432678222656,65.58258819580078
2024-12-20,229.41680908203125,42.70558166503906,67.72901916503906,66.3206558227539
2024-12-23,230.17959594726562,42.43486404418945,67.92160034179688,66.87659454345703
2024-12-24,233.964599609375,42.90861892700195,68.9326171875,68.05558776855469
2024-12-26,234.76602172851562,43.07297897338867,69.0963134765625,68.39107513427734
2024-12-27,232.86386108398438,42.86994552612305,68.47042846679688,68.05558776855469
2024-12-30,231.0775909423828,42.454200744628906,67.79643249511719,67.47088623046875
2024-12-31,231.45416259765625,42.49287414550781,67.63273620605469,67.47088623046875
2025-01-02,231.73414611816406,42.82160568237305,67.5845947265625,67.03956604003906
2025-01-03,234.90118408203125,43.32436752319336,68.66300964355469,68.05558776855469
2025-01-06,233.75592041015625,43.894805908203125,69.35629272460938,69.72342681884766
2025-01-07,236.00759887695312,44.55226135253906,68.9326171875,70.62445831298828
2025-01-08,235.9687957763672,44.677947998046875,68.9133529663086,70.22186279296875
2025-01-10,232.8048095703125,43.614418029785156,67.36311340332031,68.43900299072266
2025-01-13,237.01698303222656,43.56607437133789,67.91197204589844,69.75218200683594
2025-01-14,240.1809539794922,44.262203216552734,68.54747772216797,70.45191192626953
2025-01-15,244.917236328125,45.53843688964844,73.13077545166016,75.02409362792969
2025-01-16,246.78065490722656,45.093692779541016,73.13077545166016,75.25414276123047
2025-01-17,251.52664184570312,44.987335205078125,74.21884155273438,76.67276000976562
2025-01-21,255.28268432617188,45.113033294677734,74.96025848388672,78.2831039428711
2025-01-22,255.0982666015625,44.271873474121094,74.66175842285156,78.3022689819336
2025-01-23,258.11663818359375,44.85197830200195,74.55584716796875,78.58023834228516
2025-01-24,257.0393371582031,44.97766876220703,74.44992065429688,78.10096740722656
2025-01-27,258.0196228027344,45.52877426147461,75.04691314697266,77.7079849243164
2025-01-28,259.2716064453125,45.28706359863281,74.9891357421875,76.62484741210938
2025-01-29,258.72802734375,45.200042724609375,75.46095275878906,77.28622436523438
2025-01-30,260.3294982910156,45.17103958129883,75.89425659179688,78.46522521972656
2025-01-31,259.4268493652344,44.76496124267578,75.87499237060547,78.05305480957031
2025-02-03,258.9512634277344,44.677947998046875,75.23949432373047,76.83695220947266
2025-02-04,260.04803466796875,45.1613655090332,76.5201187133789,75.74630737304688
2025-02-05,262.46466064453125,45.5481071472168,77.0785903930664,76.6921615600586
2025-02-06,268.7441101074219,46.1572265625,78.39774322509766,79.46218872070312
2025-02-07,267.6764831542969,45.8284912109375,78.0590591430664,78.87344360351562
2025-02-10,263.0567321777344,45.1226921081543,76.53987121582031,77.91793060302734
2025-02-11,266.8903503417969,45.23871994018555,77.06240844726562,78.28469848632812
2025-02-12,267.33685302734375,44.677947998046875,76.68502044677734,78.43911743164062
2025-02-13,268.1811828613281,44.79397201538086,76.29795837402344,79.24019622802734
2025-02-14,268.4432373046875,45.40308380126953,77.39139556884766,81.66277313232422
2025-02-18,271.7043151855469,44.987335205078125,78.1655044555664,81.68208312988281
2025-02-19,271.02490234375,44.48457717895508,77.74942779541016,81.01611328125
2025-02-20,258.94158935546875,43.79812240600586,76.0850830078125,78.50668334960938
2025-02-21,256.45703125,43.32436752319336,74.99166107177734,76.87554931640625
2025-02-24,253.64239501953125,42.98596954345703,74.72071838378906,75.80421447753906
2025-02-25,249.81846618652344,42.48320388793945,73.54020690917969,75.41815185546875
2025-02-26,251.1675262451172,42.48320388793945,73.97563934326172,76.31575012207031
2025-02-27,251.4198455810547,42.6572380065918,74.14015197753906,76.12272644042969
2025-02-28,256.85491943359375,44.57159423828125,75.78511810302734,77.16509246826172
2025-03-03,252.94361877441406,44.049503326416016,74.536865234375,74.48193359375
2025-03-04,242.8790740966797,41.25531005859375,70.92760467529297,69.82982635498047
2025-03-05,244.12135314941406,40.887908935546875,71.759765625,70.4185791015625
2025-03-06,239.27835083007812,40.085426330566406,70.29862976074219,68.12149047851562
2025-03-07,235.14382934570312,40.28002166748047,68.75042724609375,68.00566864013672
2025-03-10,225.380126953125,38.752498626708984,64.6186294555664,65.06190490722656
2025-03-11,222.39085388183594,38.5384407043457,65.10243225097656,65.14877319335938
2025-03-12,221.1873779296875,38.830326080322266,66.69903564453125,65.58308410644531
2025-03-13,218.5572052001953,38.59681701660156,66.2442398071289,64.88816833496094
2025-03-14,225.59364318847656,39.783809661865234,68.55689239501953,66.38418579101562
2025-03-17,227.03976440429688,40.31893539428711,68.5472183227539,67.5037841796875
2025-03-18,228.0491180419922,40.523258209228516,68.80847930908203,67.7740249633789
2025-03-19,232.06719970703125,41.06810760498047,70.40507507324219,68.9515380859375
2025-03-20,231.97012329101562,41.330806732177734,70.17283630371094,69.31829071044922
2025-03-21,234.51296997070312,41.321075439453125,70.17283630371094,69.47271728515625
2025-03-24,240.75357055664062,41.904842376708984,71.87586975097656,71.46095275878906
2025-03-25,243.73316955566406,42.109161376953125,71.8371810913086,71.87598419189453
2025-03-26,243.63609313964844,41.66160202026367,71.09209442138672,70.68882751464844
2025-03-27,240.81179809570312,41.40864181518555,69.94061279296875,69.34723663330078
2025-03-28,235.69703674316406,40.13407516479492,68.40206146240234,67.88018798828125
2025-03-31,238.07485961914062,40.60108947753906,69.46646118164062,68.51720428466797
2025-04-01,236.48316955566406,40.367584228515625,69.00200653076172,68.08287811279297
2025-04-02,238.57957458496094,40.71784210205078,69.92125701904297,69.2603759765625
2025-04-03,221.9541015625,36.21310043334961,63.5445442199707,60.85377502441406
2025-04-04,205.34344482421875,33.459659576416016,59.00634002685547,56.10515594482422
2025-04-07,209.40577697753906,34.61746597290039,60.15782165527344,56.80007553100586
2025-04-08,211.77871704101562,34.082340240478516,60.07074737548828,56.72285842895508
2025-04-09,228.83859252929688,36.144996643066406,64.18318939208984,61.915462493896484
2025-04-10,221.7783203125,34.88016128540039,61.067405700683594,59.44463348388672
2025-04-11,230.65493774414062,34.97745895385742,60.486820220947266,59.49289321899414
2025-04-14,229.2096710205078,35.677978515625,61.05773162841797,61.017852783203125
2025-04-15,227.65699768066406,36.9622688293457,62.45112228393555,62.08919143676758
2025-04-16,224.21963500976562,36.32012176513672,61.90924835205078,59.936866760253906
2025-04-17,226.5144805908203,36.39795684814453,62.61561965942383,61.04681396484375
2025-04-21,223.61419677734375,35.92121124267578,61.93827438354492,60.506317138671875
2025-04-22,230.05926513671875,37.28334426879883,64.08641815185547,62.30152893066406
2025-04-23,235.22508239746094,37.70170974731445,65.74107360839844,63.99056625366211
2025-04-24,238.89678955078125,38.50925827026367,67.30864715576172,65.78578186035156
2025-04-25,237.8323974609375,38.616275787353516,67.47314453125,66.04637908935547
2025-04-28,237.5101318359375,38.7038459777832,67.18284606933594,65.90160369873047
2025-04-29,238.87725830078125,38.90816116333008,68.79881286621094,66.48069763183594
2025-04-30,238.87725830078125,38.801143646240234,68.71171569824219,65.99812316894531
2025-05-01,241.09397888183594,39.08329391479492,69.48580932617188,65.7664794921875
2025-05-02,246.58203125,39.958946228027344,71.41142272949219,68.1311264038086
2025-05-05,246.630859375,40.00759506225586,71.45979309082031,68.33544158935547
2025-05-06,243.3985595703125,39.73516845703125,71.10177612304688,67.58631896972656
2025-05-07,243.53526306152344,39.82273483276367,70.81147766113281,68.34516906738281
2025-05-08,247.51951599121094,40.474609375,70.93727111816406,69.69747924804688
2025-05-09,247.13864135742188,40.65946960449219,70.48971557617188,69.51262664794922
2025-05-12,253.9450225830078,42.1870002746582,72.85396575927734,72.87881469726562
2025-05-13,256.8355712890625,43.08211135864258,73.9339370727539,73.52091217041016
2025-05-14,259.4038391113281,43.529666900634766,74.21609497070312,73.2485122680664
2025-05-15,261.2103271484375,43.179405212402344,73.54474639892578,73.90034484863281
2025-05-16,261.2787170410156,43.48101806640625,74.1187973022461,73.6668472290039
2025-05-19,258.66162109375,43.5588493347168,74.00203704833984,74.06572723388672
2025-05-20,259.44287109375,43.48101806640625,73.47664642333984,73.84197235107422
2025-05-21,254.91175842285156,42.07997131347656,71.20970153808594,71.42920684814453
2025-05-22,254.55047607421875,42.13835144042969,71.40428161621094,71.42920684814453
2025-05-23,254.58949279785156,42.03132629394531,70.85945129394531,71.10816192626953
2025-05-27,259.06201171875,43.02373123168945,71.98805236816406,73.42362976074219
2025-05-28,257.30426025390625,42.868064880371094,71.7350845336914,72.99555206298828
2025-05-29,258.1636047363281,43.043190002441406,72.49398803710938,73.48199462890625
2025-05-30,257.8022766113281,42.9361686706543,72.75667572021484,73.27770233154297
2025-06-02,258.44683837890625,42.88752365112305,72.69830322265625,73.74468231201172
2025-06-03,260.0190124511719,43.44209671020508,73.60314178466797,74.45488739013672
2025-06-04,258.01708984375,43.15994644165039,73.34044647216797,74.32839965820312
2025-06-05,255.80043029785156,43.179405212402344,72.8734359741211,74.5910873413086
2025-06-06,259.49169921875,44.01128005981445,74.26473999023438,76.13796997070312
2025-06-09,260.47796630859375,43.91341018676758,74.39122009277344,76.0504150390625
2025-06-10,262.2943115234375,44.12872314453125,73.4085464477539,75.91421508789062
2025-06-11,261.8548889160156,43.776397705078125,72.90261840820312,76.25472259521484
2025-06-12,261.9427490234375,43.668739318847656,72.00751495361328,76.10880279541016
2025-06-13,258.72998046875,43.15003967285156,70.40216064453125,74.28948974609375
2025-06-16,264.012939453125,43.463218688964844,71.1707763671875,75.95313262939453
2025-06-17,263.19268798828125,43.28705596923828,70.53836822509766,75.26238250732422
2025-06-18,267.5284423828125,44.099365234375,72.71775817871094,76.22553253173828
2025-06-20,268.5440368652344,44.52998352050781,73.35990905761719,76.32283020019531
2025-06-23,271.7372741699219,45.31292724609375,74.92633819580078,77.2081527709961
2025-06-24,274.6570739746094,45.66525650024414,75.99658966064453,78.93988800048828
2025-06-25,277.391357421875,45.8511962890625,76.93060302734375,80.38948822021484
2025-06-26,281.97125244140625,46.44819641113281,77.79651641845703,82.08230590820312
2025-06-27,280.3697509765625,46.11544418334961,77.3489761352539,82.09203338623047
2025-06-30,283.1040344238281,46.311187744140625,77.95219421386719,82.81197357177734
2025-07-01,283.59228515625,47.12348556518555,79.28511810302734,83.93077850341797
2025-07-02,285.14495849609375,47.671546936035156,80.13158416748047,84.40750885009766
2025-07-03,290.443603515625,47.88685607910156,81.33802795410156,86.3143539428711
2025-07-07,286.4892272949219,47.62261199951172,80.11212158203125,85.22472381591797
2025-07-08,277.47174072265625,46.144805908203125,79.38240814208984,83.24977111816406
2025-07-09,277.8446350097656,45.8414192199707,79.5770034790039,83.46381378173828
2025-07-10,282.78021240234375,45.9686393737793,80.13158416748047,84.71882629394531
2025-07-11,281.47515869140625,45.73375701904297,80.31645965576172,84.37831115722656
2025-07-14,283.2806396484375,46.06650924682617,81.1726303100586,85.12743377685547
2025-07-15,281.1709899902344,45.1661262512207,76.72628784179688,88.26012420654297
2025-07-16,280.4547119140625,45.048683166503906,77.74787902832031,87.57909393310547
2025-07-17,284.4580993652344,46.017578125,77.55328369140625,90.56585693359375
2025-07-18,285.8023986816406,46.311187744140625,78.45812225341797,90.91609954833984
2025-07-21,285.50799560546875,46.467769622802734,78.10786437988281,90.13780212402344
2025-07-22,285.9593811035156,46.751590728759766,80.15105438232422,91.4511947631836
2025-07-23,291.1893005371094,47.11369705200195,81.4353256225586,93.38722229003906
2025-07-24,290.9832458496094,47.358367919921875,81.6007308959961,92.80349731445312
2025-07-25,293.0144348144531,47.417091369628906,82.0385513305664,93.46505737304688
2025-07-28,292.6807861328125,47.201778411865234,80.82237243652344,92.95915985107422
2025-07-29,291.4640808105469,46.92774963378906,80.41374206542969,91.91817474365234
2025-07-30,294.0054626464844,46.937538146972656,79.5672836303711,93.21210479736328
2025-07-31,290.6790771484375,46.26224899291992,78.4483871459961,91.15930938720703
2025-08-01,283.9380798339844,44.68657302856445,75.67549896240234,89.34003448486328
2025-08-04,288.73626708984375,44.87251663208008,75.48092651367188,90.17241668701172
2025-08-05,285.9004821777344,44.588706970214844,75.85063934326172,89.62401580810547
2025-08-06,285.880859375,44.45168685913086,75.51010131835938,90.3193130493164
2025-08-07,281.55364990234375,43.962345123291016,74.96525573730469,89.34003448486328
2025-08-08,283.33953857421875,45.02910614013672,76.18858337402344,90.80895233154297
2025-08-11,284.1244812011719,45.17591094970703,75.93412780761719,90.39764404296875
2025-08-12,287.3527526855469,46.48734664916992,77.78379821777344,93.756591796875
2025-08-13,285.0762634277344,46.23289108276367,76.22772979736328,92.68917083740234
2025-08-14,288.6381530761719,46.692867279052734,77.71528625488281,93.48238372802734
2025-08-15,285.03704833984375,45.93928146362305,75.45458221435547,91.74906921386719
2025-08-18,286.0575256347656,46.89839172363281,75.78733825683594,92.26808166503906
2025-08-19,285.203857421875,47.05497741699219,75.87541198730469,91.79802703857422
2025-08-20,286.754150390625,47.319217681884766,76.49197387695312,91.2398452758789
2025-08-21,285.9986572265625,47.231136322021484,76.16900634765625,90.6718521118164
2025-08-22,290.6790771484375,48.42512893676758,77.41190338134766,93.28654479980469
2025-08-25,289.3642578125,48.42512893676758,78.47864532470703,93.03192138671875
2025-08-26,292.9653625488281,49.17871856689453,79.77047729492188,93.73700714111328
2025-08-27,293.6620178222656,49.30594253540039,80.73934936523438,94.86318969726562
2025-08-28,295.4184265136719,49.41360092163086,80.2304458618164,94.81421661376953
2025-08-29,295.7618713378906,49.65827178955078,80.42617797851562,94.56941223144531
2025-09-02,294.07415771484375,49.3450927734375,80.03471374511719,92.81647491455078
2025-09-03,293.8877258300781,48.992767333984375,78.79180908203125,93.0613021850586
2025-09-04,298.1168212890625,49.540828704833984,80.08364868164062,95.06884002685547
2025-09-05,288.8540344238281,48.97987747192383,77.27489471435547,93.42364501953125
2025-09-08,287.41162109375,48.67479705810547,77.4510498046875,93.88390350341797
2025-09-09,292.2588806152344,49.49162292480469,79.03648376464844,95.32344055175781
2025-09-10,294.89837646484375,49.334163665771484,78.58629608154297,95.15696716308594
2025-09-11,299.82415771484375,49.94431686401367,79.51602172851562,96.77278900146484
2025-09-12,301.1488037109375,49.77701950073242,79.72154235839844,97.37994384765625
2025-09-15,303.1014404296875,49.786861419677734,79.672607421875,97.72268676757812
2025-09-16,303.385986328125,49.855751037597656,79.65303039550781,98.55508422851562
2025-09-17,305.89794921875,50.58400344848633,80.71977233886719,99.65188598632812
2025-09-18,307.3501892089844,51.30241394042969,81.71800231933594,100.28842163085938
2025-09-19,308.8710632324219,51.42050552368164,82.83367156982422,100.55281829833984
2025-09-22,306.5749816894531,51.09574508666992,83.34256744384766,101.3460464477539
2025-09-23,306.8693542480469,50.87923812866211,82.5694351196289,100.86620330810547
2025-09-24,307.53662109375,50.87923812866211,82.31498718261719,99.5441665649414
2025-09-25,307.5660705566406,51.026851654052734,82.52050018310547,99.99462890625
2025-09-26,310.12701416015625,51.381141662597656,83.1957778930664,101.2774887084961
2025-09-29,309.7640075683594,51.58780288696289,82.84346008300781,101.02288818359375
2025-09-30,309.50885009765625,50.7709846496582,82.03116607666016,99.39726257324219
2025-10-01,304.8774719238281,49.875431060791016,79.14413452148438,96.6650619506836
2025-10-02,301.77679443359375,49.67860412597656,78.78202819824219,95.32344055175781
2025-10-03,304.2102355957031,49.83606719970703,78.94839477539062,95.71515655517578
2025-10-06,304.85113525390625,49.59003448486328,78.96797943115234,96.01873779296875
2025-10-07,303.3819885253906,49.49162292480469,79.40836334228516,95.77391815185547
2025-10-08,299.7732238769531,49.048763275146484,78.02845764160156,94.69670867919922
2025-10-09,301.2522277832031,48.99956130981445,78.18505096435547,93.93286895751953
2025-10-10,296.6772155761719,47.877662658691406,75.96348571777344,91.98409271240234
2025-10-13,303.6580810546875,48.08432388305664,77.23574829101562,94.10913848876953
2025-10-14,297.85052490234375,49.2947998046875,82.75537872314453,97.77165985107422
2025-10-15,301.4100036621094,51.45003128051758,84.61483764648438,97.71289825439453
2025-10-16,294.3600769042969,49.63924026489258,82.20733642578125,94.26582336425781
2025-10-17,293.3938293457031,50.465904235839844,81.50269317626953,95.05903625488281
2025-10-20,298.1265869140625,51.21384048461914,84.18421936035156,97.24285125732422
2025-10-21,292.9303894042969,50.70209884643555,82.95111846923828,96.21459197998047
2025-10-22,289.9920959472656,50.28876495361328,82.08989715576172,94.30499267578125
2025-10-23,290.4161376953125,50.93828201293945,82.65751647949219,94.68690490722656
2025-10-24,296.2335205078125,51.73542404174805,84.56590270996094,96.7336196899414
2025-10-27,299.89154052734375,52.17828369140625,85.15310668945312,98.89783477783203
2025-10-28,301.0845947265625,52.030662536621094,85.04544067382812,99.28954315185547
2025-10-29,301.2325134277344,51.74527359008789,84.16465759277344,97.06658172607422
2025-10-30,305.1075134277344,52.18811798095703,84.15486145019531,98.14379119873047
2025-10-31,306.7639465332031,52.60145568847656,85.11394500732422,99.13286590576172
2025-11-03,305.0187683105469,52.70970916748047,85.4369125366211,100.09827423095703
2025-11-04,304.920166015625,52.69002914428711,85.27053833007812,99.50720977783203
2025-11-05,307.3161315917969,51.617332458496094,85.09436798095703,100.17709350585938
2025-11-06,309.03179931640625,52.44399642944336,84.20379638671875,99.34957885742188
2025-11-07,309.8106994628906,52.35542678833008,84.6465072631836,99.29048156738281
2025-11-10,312.45318603515625,52.57193374633789,84.7055435180664,99.98005676269531
2025-11-11,311.200927734375,52.77859878540039,84.79408264160156,99.26092529296875
2025-11-12,315.92388916015625,53.250980377197266,84.86294555664062,101.33953857421875
2025-11-13,305.1469421386719,52.030662536621094,83.32820892333984,99.17225646972656
2025-11-14,299.35906982421875,51.7747917175293,83.67254638671875,98.80776977539062
2025-11-17,296.1644592285156,50.66273498535156,82.0689468383789,96.72916412353516
2025-11-18,295.2179260253906,50.8201904296875,82.50181579589844,96.85723114013672
2025-11-19,299.02386474609375,51.19416046142578,82.79695892333984,98.34476470947266
2025-11-20,294.2023620605469,50.19034957885742,81.06546783447266,96.177490234375
2025-11-21,293.8473815917969,50.74146270751953,81.76396179199219,97.23157501220703
2025-11-24,293.8276672363281,51.10558319091797,83.28886413574219,98.20684814453125
2025-11-25,298.75762939453125,51.646854400634766,83.72173309326172,99.66482543945312
2025-11-26,303.33270263671875,52.14875793457031,84.17427825927734,100.97503662109375
2025-11-28,308.6965026855469,52.798282623291016,84.45958709716797,102.05867004394531
2025-12-01,304.59478759765625,52.39479064941406,84.01688385009766,101.15235900878906
2025-12-02,303.5693359375,52.345584869384766,84.9219741821289,101.65476989746094
2025-12-03,307.75982666015625,53.231292724609375,87.90289306640625,105.13226318359375
2025-12-04,311.6742858886719,53.30018615722656,88.74897003173828,106.18634033203125
2025-12-05,310.6291198730469,53.36943435668945,88.37512969970703,107.26011657714844
2025-12-08,310.79669189453125,53.319969177246094,88.60139465332031,107.29951477050781
2025-12-09,296.30255126953125,52.963844299316406,87.45034790039062,107.80194091796875
2025-12-10,305.76806640625,53.4980354309082,89.22119140625,109.4372329711914
2025-12-11,312.9363098144531,53.972869873046875,91.09041595458984,110.07756805419922
2025-12-12,314.06036376953125,54.54662322998047,91.2576675415039,110.13668060302734
2025-12-15,315.5393371582031,54.734580993652344,91.3954086303711,111.1218032836914
2025-12-16,311.1319580078125,54.220176696777344,90.69690704345703,109.6244125366211
2025-12-17,310.5699462890625,53.962974548339844,91.09041595458984,109.8017349243164
2025-12-18,308.6176452636719,53.67609405517578,89.99840545654297,111.1513442993164
2025-12-19,312.7686767578125,54.675228118896484,91.50362396240234,113.15115356445312
